13,"[-0.17389999999999997, 0.1229, -0.06683333333333333, 0.09316666666666668, -0.0306, 0.06563333333333334, -0.11086666666666667, -0.0070999999999999995, -0.08326666666666667, 0.002033333333333336, -0.18323333333333336, -0.1681666666666667, -0.04023333333333334, 0.038599999999999995, 0.04563333333333334, 0.09303333333333334, -0.050300000000000004, 0.00996666666666667, 0.010433333333333331, 0.1424, -0.2591666666666667, -0.0871, -0.06393333333333334, 0.05196666666666666, -0.002799999999999999, -0.1336, -0.22036666666666668, 0.06816666666666667, 0.18023333333333333, 0.06723333333333333, 0.10456666666666665, 0.028733333333333336, -0.0046999999999999984, 0.007766666666666662, -0.014400000000000001, 0.08, 0.14856666666666665, -0.02916666666666667, -0.029733333333333334, -0.037566666666666665, 0.01433333333333333, -0.013, -0.0394, 0.09733333333333333, 0.12103333333333333, 0.12693333333333334, 0.03473333333333333, 0.010700000000000001, 0.058633333333333336, -0.07793333333333333, -0.09963333333333334, -0.14356666666666668, -0.7832, -0.09293333333333333, -0.004333333333333332, -0.18183333333333332, 0.17783333333333337, -0.14023333333333332, -0.06913333333333334, 0.104, 0.0494, 0.025833333333333333, -0.009033333333333336, 0.02666666666666666, -0.021633333333333338, -0.07266666666666667, 0.07236666666666668, -0.15373333333333333, 0.0626, 0.0009666666666666666, -0.09223333333333333, 0.11336666666666666, -0.0452, 0.040766666666666666, -0.13973333333333335, -0.15523333333333333, 0.006766666666666668, 0.006966666666666667, 0.029500000000000002, -0.12206666666666667, 0.009633333333333332, -0.08536666666666666, -0.016266666666666665, -0.13306666666666667, 0.12046666666666667, 0.0028000000000000017, 0.09793333333333336, 0.1179, 0.20350000000000001, -0.04766666666666666, -0.02563333333333333, -0.03266666666666667, 0.0692, -0.03836666666666667, 0.05856666666666666, 0.10283333333333333, 0.0185, -0.0076999999999999985, 0.21519999999999997, 0.007933333333333334, -0.10389999999999999, 0.00993333333333333, 0.058199999999999995, 0.042366666666666664, 0.2782, 0.07896666666666667, -0.1950666666666667, -0.027766666666666665, -0.0214, 0.07166666666666667, 0.05076666666666666, 0.11923333333333334, 0.010366666666666672, 0.052199999999999996, 0.08146666666666666, 0.04853333333333334, 0.017299999999999992, 0.0006666666666666673, -0.05809999999999999, -0.24376666666666666, 0.15053333333333332, 0.17023333333333335, -0.1578, 0.13296666666666665, 0.0657, -0.1776333333333333, -0.034999999999999996, 0.0029333333333333342, -0.022599999999999995, -0.07963333333333333, 0.10006666666666668, -0.1075, 0.05176666666666666, -0.030300000000000004, -0.0247, 0.13723333333333335, 0.12916666666666668, 0.15116666666666667, -0.01693333333333333, -0.014600000000000002, 0.12203333333333334, -0.07943333333333334, -0.04376666666666667, 0.1973, 0.06166666666666667, 0.043233333333333325, -0.04893333333333333, 0.13086666666666666, -0.01363333333333334, -0.011500000000000002, -0.0932, -0.1282, 0.12270000000000002, -0.006000000000000003, 0.05280000000000001, 0.008333333333333323, -0.16460000000000002, -0.12933333333333333, 0.09376666666666666, 0.08266666666666667, 0.08076666666666667, -0.07293333333333334, -0.08283333333333334, 0.013766666666666665, -0.18326666666666666, 0.018600000000000002, 0.16086666666666666, -0.07433333333333333, 0.06236666666666666, -0.02016666666666667, -0.16276666666666664, -0.09906666666666668, 0.0040666666666666655, 0.013133333333333335, 0.1305666666666667, -0.17533333333333334, 0.2617, -0.11646666666666666, 0.028733333333333333, 0.14529999999999998, -0.060000000000000005, 0.028266666666666666, 0.14296666666666666, 0.02293333333333333, 0.043000000000000003, -0.04186666666666666, -0.08546666666666665, 0.027866666666666665, -0.10880000000000001, 0.02426666666666667, 0.021133333333333334, 0.08810000000000001, -0.19976666666666665, 0.015866666666666668, 0.030833333333333334, 0.1035, 0.07433333333333332, -0.008366666666666666, 0.18776666666666667, -0.0334, 0.0334, -0.0032000000000000028, 0.09643333333333333, -0.050333333333333334, -0.010633333333333328, -0.0151, -0.016233333333333332, -0.0502, -0.02563333333333333, 0.0458, -0.04819999999999999, 0.08913333333333334, -0.0651, -0.0472, -0.07866666666666668, -0.0671, 0.027866666666666668, 0.055400000000000005, 0.0457, 0.039766666666666665, 0.010266666666666665, 0.0509, 0.05123333333333333, 0.1606, 0.03816666666666667, -0.15223333333333333, 0.0492, -0.021266666666666666, 0.024900000000000005, -0.03763333333333333, -0.042766666666666675, 0.006733333333333332, 0.33673333333333333, 0.01883333333333333, 0.20109999999999997, 0.1289, -0.17789999999999997, 0.025366666666666662, -0.22183333333333333, -0.07073333333333333, 0.22896666666666665, 0.015733333333333332, 0.035433333333333324, -0.05123333333333333, 0.10873333333333333, 0.030799999999999998, -0.0978, 0.12286666666666667, 0.003333333333333332, 0.29250000000000004, -0.014366666666666666, -0.11393333333333334, -0.0074666666666666675, -0.11906666666666667, -0.10146666666666666, 0.03593333333333334, -0.10853333333333333, 0.013699999999999999, 0.0034666666666666643, -0.08046666666666667, 0.0464, -0.00396666666666666, -0.019466666666666663, 0.1155, -0.3357333333333334, -0.08673333333333333, -0.056900000000000006, -0.03763333333333333, -0.09026666666666666, -0.18386666666666665, 0.0005999999999999986, -0.14156666666666665, 0.11380000000000001, 0.0922, 0.0296, 0.11226666666666667, -0.09186666666666665, 0.09353333333333332, -0.0315, -0.0062000000000000015, 0.07226666666666666, -0.04343333333333333, -0.021133333333333334, 0.12333333333333334, 0.13356666666666667, -0.0447, 0.0165, -0.005166666666666667, 0.05546666666666667, -0.04073333333333334, -0.12716666666666668, -0.06380000000000001, -0.09626666666666668, -0.0159, 0.031199999999999995, 0.04, 0.0725, -0.10183333333333333, 0.049600000000000005, -0.10236666666666665]"
12,"[-0.044599999999999994, 0.0311, 0.0499, -0.07766666666666668, 0.045399999999999996, -0.07279999999999999, -0.03386666666666666, -0.011833333333333336, 0.07426666666666666, -0.07506666666666667, 0.19796666666666665, -0.0105, 0.026666666666666672, -0.03183333333333333, 0.07573333333333333, -0.0003999999999999993, 0.0032999999999999974, -0.0583, -0.20856666666666668, 0.06513333333333333, -0.11126666666666667, 0.09933333333333333, -0.0113, -0.06546666666666667, -0.04566666666666667, 0.0575, -0.004066666666666664, -0.021033333333333334, -0.10576666666666668, 0.09846666666666666, -0.001033333333333335, -0.04566666666666667, 0.08953333333333334, 0.0357, 0.08153333333333333, -0.02893333333333333, -0.013799999999999998, -0.03303333333333333, -0.11916666666666668, 0.032133333333333326, -0.028300000000000002, -0.049766666666666674, -0.05786666666666667, 0.05526666666666666, 0.058199999999999995, -0.20946666666666666, -0.00026666666666666966, -0.026933333333333333, 0.06283333333333334, 0.10200000000000002, -0.04983333333333334, 0.03846666666666666, -0.7206, 0.08146666666666667, -0.015633333333333332, 0.039, -0.05783333333333334, -0.021733333333333337, -0.0294, -0.022166666666666668, -0.08996666666666668, 0.0022333333333333324, -0.08313333333333334, 0.014900000000000002, -0.09243333333333333, -0.15873333333333334, -0.023533333333333333, -0.08316666666666667, -0.08979999999999999, -0.00949999999999999, 0.013299999999999998, -0.0261, 0.027833333333333335, 0.018299999999999997, 0.11716666666666666, -0.046533333333333336, 0.030966666666666667, 0.016366666666666665, -0.0594, 0.16726666666666667, 0.0358, 0.021900000000000003, -0.07803333333333333, -0.1515, -0.1648, 0.0052000000000000015, -0.011766666666666661, 0.10076666666666667, 0.10136666666666667, 0.0189, 0.027733333333333342, 0.1171, -0.07666666666666667, -0.12173333333333332, 0.0163, -0.014166666666666668, -0.0413, -0.1246, 0.09933333333333334, -0.027866666666666665, -0.10566666666666667, -0.05273333333333333, 0.009966666666666665, 0.06243333333333334, -0.14653333333333332, -0.1423, 0.03163333333333333, 0.060599999999999994, 0.01, 0.104, -0.09513333333333333, 0.03916666666666666, -0.05336666666666667, -0.05313333333333333, 0.07079999999999999, 0.11173333333333334, 0.04463333333333333, -0.019233333333333335, 0.0002333333333333331, -0.18403333333333335, -0.0081, -0.10583333333333333, -0.0542, 0.05336666666666665, -0.0021333333333333343, 0.1433, -0.06313333333333333, 0.02653333333333334, -0.02153333333333333, 0.07343333333333334, 0.03036666666666667, 0.012233333333333332, 0.1864, -0.08556666666666667, -0.05043333333333333, -0.006766666666666668, 0.019966666666666667, -0.0023999999999999946, -0.06976666666666667, -0.11420000000000001, -0.08743333333333332, -0.03473333333333333, -0.0339, 0.21729999999999997, -0.021433333333333332, 0.0349, 0.02783333333333333, -0.014233333333333332, -0.025833333333333333, 0.04666666666666667, 0.05273333333333333, -0.009833333333333333, 0.014266666666666665, 0.06380000000000001, 0.1186, 0.011899999999999999, -0.0755, 0.06073333333333333, 0.07013333333333334, -0.03426666666666667, 0.09406666666666667, -0.02206666666666667, 0.06406666666666666, 0.056100000000000004, -0.03596666666666667, -0.06593333333333333, 0.05960000000000001, 0.0635, 0.055466666666666664, 0.0604, -0.037200000000000004, 0.05303333333333333, -0.14036666666666667, 0.029133333333333334, -0.010599999999999998, -0.09073333333333333, 0.24476666666666666, -0.23793333333333336, 0.060233333333333326, 0.03523333333333333, 0.12973333333333334, 0.019966666666666664, 0.028300000000000002, 0.04253333333333334, -0.03553333333333333, -0.06269999999999999, 0.051333333333333335, -0.03313333333333333, 0.04923333333333333, 0.0287, -0.009366666666666667, -0.0165, -0.08723333333333333, -0.0429, 0.004733333333333333, 0.020833333333333332, 0.047999999999999994, -0.002333333333333331, 0.12823333333333334, 0.08696666666666665, 0.10473333333333334, -0.05246666666666667, -0.03176666666666667, -0.12303333333333333, -0.0018333333333333316, 0.0473, 0.14546666666666666, -0.07643333333333334, 0.028333333333333332, 0.005399999999999999, -0.000699999999999997, -0.05283333333333332, 0.017166666666666663, -0.04413333333333334, 0.0331, 0.11836666666666666, -0.09296666666666666, 0.02903333333333333, -0.0719, -0.04113333333333333, 0.0351, -0.004133333333333336, -0.024533333333333327, 0.09253333333333331, -0.1113, -0.034633333333333335, -0.16356666666666667, -0.003366666666666666, 0.04823333333333333, -0.032766666666666666, 0.0037666666666666634, 0.06283333333333334, 0.21446666666666667, 0.0522, 0.0102, -0.08126666666666667, -0.07006666666666667, -0.11703333333333332, -0.1628, -0.009166666666666668, -0.03396666666666667, 0.002799999999999999, -0.014133333333333333, 0.006466666666666667, -0.04576666666666666, 0.005733333333333336, 0.0473, -0.0028333333333333266, -0.0719, 0.26443333333333335, 0.0133, -0.018166666666666668, -0.04419999999999999, -0.0825, -0.1455, 0.06146666666666667, 0.051699999999999996, -0.004033333333333329, -0.006000000000000001, -0.07543333333333334, -0.11256666666666665, -0.058199999999999995, -0.01683333333333333, 0.019, -0.2592666666666667, -0.01936666666666667, -0.1333, -0.0777, -0.1616, -0.006366666666666662, -0.11246666666666667, 0.029233333333333333, -0.0034333333333333347, -0.0735, 0.006966666666666663, 0.07886666666666667, -0.006066666666666665, 0.017933333333333332, 0.012499999999999999, -0.013733333333333339, -0.0531, 0.0539, -0.0365, -0.0043333333333333375, -0.055766666666666666, 0.06836666666666667, 0.07493333333333334, 0.037200000000000004, 0.0236, 0.023933333333333334, 0.043133333333333336, -0.03953333333333333, 0.006666666666666665, 0.05249999999999999, -0.041633333333333335, 0.1257, 0.049499999999999995, 0.12683333333333333, -0.10143333333333333, 0.011499999999999998]"
11,"[-0.040150000000000005, -0.01585, -0.06715, 0.024050000000000002, -0.034350000000000006, -0.01595, -0.02495, -0.05375, 0.033850000000000005, -0.0691, -0.06425, -0.1535, -0.0768, 0.0318, -0.048749999999999995, 0.01505, 0.012099999999999996, 0.09369999999999999, -0.18855, 0.015600000000000001, -0.0102, -0.09425, -0.01855, 0.015649999999999997, -0.01795, 0.1126, -0.0353, -0.15685, -0.157, -0.0502, -0.05805, 0.0703, -0.0146, -0.037349999999999994, -0.03615, 0.092, 0.01675, -0.0722, -0.06935, -0.02525, -0.009249999999999998, -0.04395, 0.07869999999999999, -0.04915, -0.0015999999999999973, 0.0201, -0.10805, -0.06480000000000001, -0.00885, 0.11284999999999999, -0.04655, -0.047850000000000004, -0.6834, -0.10805000000000001, -0.03635, 0.011349999999999999, -0.029099999999999997, 0.04765, -0.11265, 0.0514, 0.03125, 0.09325, 0.08715, 0.010099999999999998, -0.1086, 0.07725, -0.0031000000000000003, 0.07225, 0.041, -0.007, -0.0213, -0.03455, -0.0746, 0.059750000000000004, 0.0029, 0.04395, 0.091, 0.08225, -0.062400000000000004, 0.21439999999999998, 0.0091, 0.1225, 0.20945000000000003, -0.2253, -0.019450000000000002, 0.0599, -0.0497, -0.05505, 0.154, 0.09115000000000001, 0.06425, 0.038000000000000006, 0.10420000000000001, -0.031599999999999996, -0.008849999999999997, -0.01335, -0.02485, 0.03175, 0.009649999999999999, -0.03245, -0.24475, -0.06075, -0.0542, 0.033299999999999996, -0.16255000000000003, 0.021, 0.047349999999999996, -0.019, 0.046849999999999996, 0.005449999999999999, 0.01835, 0.06435, 0.015049999999999994, 0.11155, -0.03205, 0.0003000000000000086, 0.0697, -0.0713, 0.0191, -0.28285, 0.0265, -0.1415, 0.1511, 0.1565, -0.1389, 0.24480000000000002, -0.00365, -0.03270000000000001, -0.0253, 0.0523, -0.07185, -0.035050000000000005, 0.073, -0.0611, -0.036500000000000005, -0.06459999999999999, 0.11574999999999999, 0.1674, -0.14225000000000002, -0.08679999999999999, -0.07555, -0.0748, -0.0486, 0.26805, -0.11055, 0.13720000000000002, 0.022549999999999994, 0.16805, -0.10625000000000001, 0.00955, 0.18255, 0.026399999999999996, -0.061, 0.11549999999999999, 0.0449, 0.02005, -0.11275, -0.0098, -0.06375, -0.0339, 0.06115, -0.06185, 0.02845, 0.06080000000000001, 0.02305, 0.09645000000000001, 0.0911, 0.0013, -0.02215, 0.0785, 0.054349999999999996, 0.03585, 0.12715, 0.05635, 0.08149999999999999, -0.028999999999999998, 0.2631, -0.23885, -0.052599999999999994, 0.006850000000000002, -0.07665, -0.007550000000000001, 0.01345, -0.10095000000000001, -0.0058, 0.02945, 0.0011999999999999997, 0.005700000000000004, 0.14045, 0.051550000000000006, -0.0625, -0.09595000000000001, -0.04235, 0.0121, 0.0628, -0.007900000000000004, -0.04070000000000001, 0.004299999999999998, 0.23604999999999998, 0.059250000000000004, 0.0538, 0.09535000000000002, -0.01235, -0.05975, -0.22715000000000002, -0.0187, -0.047700000000000006, -0.05575, -0.0676, -0.0392, -0.0018499999999999975, 0.0009500000000000029, 0.021249999999999998, 0.03465, -0.0039000000000000007, 0.050749999999999997, -0.07884999999999999, -0.037000000000000005, -0.1283, -0.11385, -0.043949999999999996, -0.08725, 0.0908, -0.05275, 0.005949999999999999, -0.10014999999999999, 0.020050000000000002, 0.0673, -0.16695, -0.0085, -0.08315, -0.00845, 0.30085, -0.08015, 0.06275, -0.0348, -0.13595000000000002, 0.0036499999999999996, -0.29395, 0.1522, 0.0566, -0.030600000000000002, -0.08265, 0.0434, -0.0822, 0.008150000000000001, 0.16044999999999998, 0.022799999999999994, -0.007350000000000001, 0.38939999999999997, -0.022200000000000004, -0.07025, -0.01665, -0.0984, -0.2036, 0.003500000000000003, 0.15305, 0.0793, 0.03175, -0.0506, 0.09025, -0.039150000000000004, -0.1187, 0.002700000000000008, -0.12585, -0.1364, -0.0368, 0.07214999999999999, -0.17204999999999998, 0.15285, 0.016599999999999997, -0.0262, -0.05165, -0.14295, -0.03755, 0.022699999999999998, -0.0054499999999999965, -0.027950000000000003, -0.0928, 0.0451, -0.025050000000000003, -0.006200000000000004, 0.01475, 0.028450000000000003, -0.049749999999999996, 0.010150000000000006, -0.01105, 0.1121, -0.08605, 0.10355, 0.0466, 0.0709, 0.0356, 0.01255, -0.055900000000000005, -0.12485000000000002, -0.09545000000000001, 0.1502, -0.09595000000000001, -0.0426]"
10,"[0.0187, -0.018850000000000006, -0.030875, 0.0906, -0.105175, -0.017475, 0.005999999999999998, -0.05445, -0.008700000000000001, 0.125375, -0.09025, -0.0902, -0.056225, 0.013999999999999995, -0.037875, 0.040075, -0.011049999999999997, -0.1582, -0.07172500000000001, 0.014799999999999999, -0.289125, -0.0334, 0.16195, 0.109075, 0.007924999999999998, 0.0104, -0.090325, -0.033324999999999994, -0.059625, -0.010575000000000001, 0.11065, 0.09062500000000001, 0.08779999999999999, 0.041599999999999984, 0.013874999999999998, -0.007874999999999993, -0.052474999999999994, 0.06632500000000001, -0.061075000000000004, 0.08095000000000002, -0.14775, 0.030074999999999994, 0.10885, -0.029275000000000002, -0.03405, -0.012274999999999998, 0.0046500000000000005, -0.005475000000000001, -0.044925, -0.0426, 0.0342, -0.026575, -0.7350249999999999, 0.027075000000000002, 0.004324999999999999, -0.008725, 0.017900000000000003, 0.029075, 0.007275000000000002, -0.09432499999999999, 0.194525, -0.047924999999999995, -0.006875000000000005, 0.045774999999999996, -0.06717499999999998, -0.07317499999999999, -0.025525000000000003, -0.031549999999999995, -0.113875, 0.07417499999999999, 0.050824999999999995, -0.09267500000000001, 0.055099999999999996, 0.0009249999999999953, -0.086575, -0.047125, -0.05097499999999999, -0.03365, -0.04395, -0.07125000000000001, 0.03505, -0.010825000000000008, 0.03282500000000001, -0.20585, -0.003725000000000001, 0.049175, 0.04855, 0.09570000000000001, 0.245475, -0.049949999999999994, 0.044775, 0.073125, -0.040475, 0.027675, 0.11585, 0.08295, 0.005075000000000007, 0.056525000000000006, 0.019300000000000005, 0.035574999999999996, -0.138975, 0.034, -0.05845, 0.13224999999999998, 0.090225, -0.087725, -0.082675, 0.110875, 0.06895, 0.0056250000000000015, -0.03645, 0.015974999999999996, 0.0531, -0.14300000000000002, 0.10592500000000002, -0.01675, -0.0189, -0.0255, -0.018000000000000002, -0.2657, 0.012575, -0.032025, -0.029324999999999993, 0.0586, -0.04407500000000001, 0.1535, -0.1051, 0.0444, 0.0432, -0.08437499999999999, 0.03465, 0.01787500000000001, -0.04845, -0.0005249999999999977, -0.015174999999999998, -0.031200000000000006, -0.0527, -0.083475, 0.0027250000000000017, 0.0829, 0.1086, -0.10275000000000001, 0.0114, 0.1529, 0.01762500000000001, 0.059475, 0.024299999999999995, 0.010449999999999997, -0.07442499999999999, -0.042874999999999996, 0.001775000000000001, -0.051750000000000004, -0.007375000000000001, -0.03740000000000001, 0.07645, 0.07135, -0.07135, 0.027375000000000003, -0.16872499999999999, -0.0015499999999999976, -0.0032999999999999974, -0.057699999999999994, 0.0029, 0.09415, 0.038650000000000004, 0.0786, 0.07352500000000001, 0.05835, 0.006275000000000006, -0.0010749999999999987, -0.027699999999999995, -0.012450000000000006, 0.0636, -0.0816, 0.12875, 0.0016749999999999998, 0.28815, -0.11184999999999999, 0.034575, 0.0955, -0.027349999999999996, -0.011049999999999997, 0.03555, -0.074075, -0.0584, -0.06255, -0.09490000000000001, 0.0061749999999999965, -0.09175, 0.03785000000000001, 0.0309, 0.04057500000000001, -0.06797500000000001, 0.0139, 0.10355, 0.022925, 0.07267499999999999, 0.017575000000000007, 0.08162499999999999, 0.032, -0.071025, 0.009775000000000002, -0.045899999999999996, 0.03875, -0.073225, 0.089425, 0.12155, -0.0884, 0.018375, 0.031875, 0.062875, -0.005325000000000002, -0.0268, 0.05155, -0.114425, -0.010325, -0.005099999999999999, 0.015074999999999998, -0.065, 0.0006250000000000006, -0.010299999999999997, -0.048625, 0.06562499999999999, -0.145625, -0.029900000000000003, -0.033549999999999996, -0.019649999999999997, -0.097025, 0.049525, -0.088325, -0.090475, 0.12335, 0.2635, -0.019675, -0.02345, -0.11510000000000001, 0.020425, -0.049300000000000004, -0.182125, 0.006624999999999999, 0.047850000000000004, 0.032799999999999996, -0.08704999999999999, 0.007124999999999999, 0.0928, 0.002999999999999994, -0.025249999999999995, -0.003925000000000001, 0.029425000000000003, 0.26555, -0.0586, -0.145875, -0.055650000000000005, -0.10550000000000001, 0.040275, -0.070025, -0.090525, 0.126775, -0.1136, -0.0302, -0.06695000000000001, 0.050624999999999996, -0.007800000000000001, -0.009624999999999998, -0.36, 0.071175, -0.0897, -0.07395, -0.18987500000000002, -0.07517499999999999, -0.05742500000000001, 0.017474999999999997, 0.07945, -0.058375, -0.10774999999999998, 0.05342500000000001, 0.037175, -0.021724999999999998, -0.04859999999999999, 0.059674999999999985, -0.116625, 0.08737500000000001, -0.026825, 0.07444999999999999, -0.033100000000000004, -0.053525, 0.035949999999999996, -0.068925, -0.062675, 0.0574, -0.03755, 0.021575000000000004, -0.014499999999999992, 0.09509999999999999, -0.15035, 0.040525000000000005, -0.11507500000000001, 0.0531, 0.08585, -0.025900000000000003]"
10,"[0.0884, -0.1525, -0.0269, 0.1741, 0.0018, -0.0622, -0.0116, 0.135, -0.0623, 0.003, 0.1453, 0.0408, 0.1352, -0.1819, 0.1226, 0.0903, -0.167, -0.1376, -0.1091, -0.0138, -0.5081, -0.0598, -0.0137, 0.179, -0.0373, 0.1025, -0.1089, -0.1634, -0.0769, -0.0978, -0.0903, -0.2862, -0.0481, 0.0, -0.1422, -0.0369, 0.1699, 0.0449, 0.0731, 0.0907, 0.0453, -0.0243, -0.1074, -0.0592, -0.131, -0.2234, -0.011, 0.0008, 0.0795, 0.4195, 0.1661, 0.0875, -0.9086, 0.0772, -0.1275, -0.0619, -0.0515, -0.1382, -0.2356, -0.0036, -0.2777, 0.3731, 0.0503, 0.32, -0.1179, 0.0472, -0.1494, 0.0729, 0.1134, 0.0773, 0.0505, 0.1853, -0.203, -0.0187, 0.3058, -0.0157, -0.0402, -0.0891, 0.0504, 0.3287, -0.0386, 0.0115, 0.171, -0.0524, -0.1206, -0.004, 0.2542, 0.2317, 0.2159, 0.055, 0.1252, -0.2072, 0.1867, 0.1161, -0.0857, 0.3519, -0.209, -0.0443, 0.1961, -0.2908, -0.1233, -0.1923, 0.0739, 0.1266, -0.0819, -0.2152, -0.0109, 0.0681, 0.1137, -0.085, -0.0567, 0.0306, 0.1028, -0.0754, 0.1253, -0.0653, 0.1727, -0.0308, -0.1535, -0.1847, -0.0625, 0.0382, -0.1381, 0.0975, -0.1545, 0.1612, 0.0178, -0.2924, 0.0583, -0.1608, 0.2548, 0.0918, 0.0558, 0.0694, -0.1468, 0.0783, 0.1132, 0.0661, -0.046, -0.0958, 0.0709, -0.0088, -0.2475, 0.1207, 0.0729, 0.0535, 0.0087, 0.0866, -0.0507, 0.0313, 0.2359, -0.1841, 0.0696, 0.1451, -0.1534, 0.1591, -0.1841, -0.0449, -0.1695, -0.029, -0.0868, 0.1237, 0.0986, 0.1566, 0.1647, 0.1099, 0.0567, 0.0738, 0.075, -0.1171, 0.0819, 0.058, 0.0863, 0.0657, -0.0064, -0.1406, 0.2509, -0.0275, -0.1154, -0.1173, 0.0901, 0.0003, 0.159, -0.0372, 0.0632, 0.0249, 0.1382, 0.2194, -0.2567, 0.0046, -0.0565, 0.1944, 0.0867, -0.07, -0.0552, -0.0994, -0.0869, 0.3054, 0.0644, -0.0009, 0.2845, -0.0732, -0.3339, -0.1644, 0.1213, -0.1231, -0.2004, 0.2791, -0.2632, 0.0048, -0.178, 0.0397, -0.0156, 0.0444, -0.1234, 0.0748, 0.1455, -0.1895, -0.1419, -0.1869, -0.0695, -0.0114, 0.1076, 0.1182, 0.1259, 0.0491, -0.0423, 0.0574, -0.0855, -0.0646, 0.0125, -0.0931, 0.1693, -0.0728, -0.2817, -0.0314, -0.1181, -0.2101, -0.1627, -0.0343, 0.0667, -0.1396, -0.0053, -0.1766, 0.163, -0.0028, 0.0783, 0.2607, 0.2307, 0.3142, -0.0441, 0.0141, -0.075, 0.147, -0.0676, 0.0923, -0.0425, 0.1205, 0.0085, -0.0539, 0.04, -0.1801, -0.0948, -0.0431, -0.5715, -0.0504, 0.1386, 0.1146, 0.0591, 0.0952, -0.0072, 0.1478, -0.0114, -0.0943, -0.1417, 0.0973, 0.0519, 0.1041, -0.004, -0.2261, 0.0615, -0.1023, -0.1233, -0.0445, 0.0649, 0.0412, 0.113, 0.1052, -0.2228, 0.0319, -0.145, -0.0024, -0.0482, -0.0854, -0.2762, 0.1295, 0.008, 0.2615, 0.1092, 0.0499]"
9,"[-0.0425, -0.1322, -0.039, -0.0743, 0.0823, -0.0984, 0.0823, 0.0256, 0.1977, 0.0742, 0.0101, -0.1725, 0.225, -0.0117, -0.141, 0.0576, -0.2092, 0.0769, -0.1966, 0.1163, -0.2338, -0.1136, 0.1807, 0.0415, -0.263, -0.0178, -0.1339, -0.0421, -0.1051, -0.0821, -0.0934, 0.0274, -0.0233, 0.1127, -0.0713, 0.2879, -0.2052, -0.0619, -0.1151, -0.0146, -0.0787, 0.0571, -0.0104, -0.0154, 0.0153, 0.0335, 0.168, -0.0013, -0.2919, 0.2173, 0.1671, -0.0361, -0.697, 0.0635, -0.0444, 0.0809, 0.0976, -0.1321, -0.0444, 0.111, -0.0387, 0.074, 0.0342, 0.4556, -0.1181, -0.1849, 0.0047, -0.0641, -0.1281, -0.1338, 0.079, 0.1016, -0.0236, 0.0216, 0.2357, 0.108, 0.0177, 0.0264, -0.0342, 0.0124, 0.0747, -0.1718, 0.2179, -0.1794, -0.0174, -0.0962, -0.0327, -0.026, 0.0781, 0.1251, -0.0787, -0.0667, -0.3785, -0.0997, 0.0466, -0.0908, -0.1351, -0.1365, 0.1708, -0.0548, -0.2044, -0.0283, -0.0835, -0.034, 0.0272, 0.0603, -0.1288, 0.1092, 0.0495, 0.0617, -0.094, 0.1111, -0.0688, -0.0496, -0.0728, 0.0669, 0.0376, -0.1016, -0.2111, -0.3274, 0.0618, -0.2139, -0.1103, 0.0431, 0.1322, 0.1976, 0.0402, -0.0384, -0.0123, -0.0934, 0.0549, -0.0259, 0.0246, -0.0241, -0.0298, 0.1321, 0.1384, 0.0441, 0.124, 0.0901, 0.0843, 0.0488, 0.1203, 0.2808, -0.02, 0.0362, -0.0279, -0.2253, 0.1834, -0.0407, -0.1154, 0.1256, 0.2117, 0.1216, -0.0488, 0.0102, -0.0469, 0.0369, 0.0528, 0.1111, -0.0429, -0.0074, -0.0473, 0.0259, -0.1394, 0.0064, 0.0644, 0.0192, 0.0942, -0.124, -0.0529, 0.1736, 0.0733, -0.0903, 0.0733, -0.051, 0.302, -0.0527, 0.1467, 0.0701, -0.068, -0.0357, -0.1047, -0.0321, 0.1882, -0.2955, 0.1013, -0.0535, -0.0805, -0.0922, -0.0705, -0.0199, -0.1441, -0.0017, 0.1008, 0.0245, -0.1821, 0.0451, 0.1891, -0.0842, 0.1062, 0.1651, -0.1002, 0.0775, -0.1158, 0.1371, 0.1914, 0.0014, -0.0128, 0.0217, 0.0378, 0.1163, 0.0192, 0.0364, 0.2532, 0.0761, -0.0924, 0.0215, -0.0089, -0.1028, 0.1093, -0.001, -0.1021, -0.0739, -0.1038, -0.3195, -0.0538, 0.1937, 0.0422, -0.1001, -0.0228, 0.0742, 0.3091, 0.1691, 0.3237, -0.1273, 0.0657, -0.0989, -0.2194, 0.0165, 0.0041, -0.0982, -0.0935, 0.1493, -0.0098, 0.2012, 0.1082, 0.033, -0.1978, 0.4182, -0.1001, -0.0201, -0.0009, 0.0961, -0.0643, -0.058, -0.0602, -0.0948, -0.1041, 0.1034, 0.0517, 0.1409, 0.1259, 0.0969, -0.2097, -0.0075, -0.0284, 0.0104, -0.1481, 0.0451, 0.0857, 0.0396, 0.0383, 0.1111, -0.1841, 0.3071, 0.012, 0.0291, -0.059, 0.1476, -0.0683, -0.0111, 0.0954, -0.0874, 0.0275, 0.142, -0.0007, 0.0731, -0.0378, -0.0601, -0.2702, -0.0558, 0.0853, 0.1298, -0.1672, 0.0896, -0.0363, 0.0549, 0.05, 0.2048]"
8,"[-0.1608, 0.0723, -0.2167, -0.0302, -0.0228, 0.2128, 0.1274, 0.2102, 0.131, -0.0022, 0.1167, 0.1002, -0.0957, 0.0601, 0.0737, 0.039, 0.1656, -0.0052, 0.2334, -0.0512, -0.2875, -0.0639, 0.0382, 0.1164, -0.0614, -0.1381, 0.2092, 0.063, -0.0153, -0.1353, 0.0062, 0.2164, 0.0478, -0.2878, 0.2374, -0.1371, 0.0562, 0.1451, -0.1075, 0.1335, -0.0606, 0.0048, 0.0856, -0.0066, -0.036, -0.1307, 0.0547, 0.2481, 0.0083, -0.2828, -0.1969, 0.0269, -0.7696, 0.0655, -0.0688, -0.1266, -0.0393, 0.1249, 0.0947, -0.1109, 0.004, -0.2799, -0.2329, 0.0058, 0.1737, 0.0949, 0.1142, -0.0189, 0.0173, 0.017, -0.1164, -0.015, -0.0659, -0.0131, 0.0153, 0.1011, 0.0318, 0.015, 0.0987, -0.1597, -0.228, 0.0184, -0.0842, -0.1285, 0.024, 0.0504, -0.0983, 0.0608, -0.0271, -0.0942, -0.0778, -0.1916, -0.0798, -0.1061, -0.1598, 0.1486, -0.0051, -0.0955, 0.0886, 0.175, -0.0839, 0.234, 0.0362, 0.3411, -0.0253, -0.2035, 0.0805, -0.1054, -0.1224, -0.082, -0.0752, 0.1948, 0.0303, 0.0639, -0.0657, 0.1152, -0.0156, 0.0693, -0.1892, -0.2192, 0.1119, 0.1062, 0.0097, -0.2967, 0.105, 0.0068, 0.0432, 0.1124, 0.1785, 0.1752, -0.0595, -0.0463, 0.0121, 0.1978, -0.0303, -0.0051, 0.1264, -0.0834, -0.2455, -0.0858, -0.0263, -0.1519, 0.0948, 0.116, 0.1513, 0.1104, -0.0313, 0.1742, 0.009, 0.211, -0.1728, 0.0326, 0.0626, 0.0293, 0.0199, 0.0404, -0.1251, 0.0158, 0.0646, 0.0926, 0.0857, -0.1975, -0.0237, 0.1627, -0.0988, -0.2955, 0.193, 0.3098, 0.1004, -0.0983, 0.0019, 0.02, 0.0536, 0.0984, 0.2153, -0.0375, 0.2705, -0.0892, -0.1626, 0.1208, 0.0041, -0.0876, 0.0201, 0.0562, 0.0168, -0.1553, -0.0411, -0.1928, 0.1272, -0.0622, -0.1662, 0.0753, 0.0337, 0.0531, -0.0196, 0.1822, -0.0788, -0.1165, -0.1286, 0.0497, -0.0126, -0.1598, -0.0703, 0.0625, 0.0567, 0.0678, -0.258, 0.0088, -0.2759, -0.1196, 0.084, 0.2239, 0.0318, -0.0924, 0.0121, -0.1036, 0.0757, 0.0137, -0.1323, 0.1938, -0.0175, -0.0176, 0.0066, 0.1666, -0.01, -0.0366, -0.073, 0.2015, -0.0192, -0.0047, 0.0044, -0.0382, 0.3127, -0.4044, -0.1048, -0.2253, 0.0142, -0.2633, -0.1886, 0.001, 0.072, 0.0472, 0.0585, 0.1598, 0.2922, -0.2313, 0.0659, -0.0519, 0.0914, 0.0429, -0.0776, -0.0515, 0.2234, -0.0376, 0.082, 0.039, 0.2271, -0.1663, -0.0917, -0.0314, -0.0589, 0.0306, 0.0978, 0.1231, -0.4137, 0.1922, -0.2045, 0.1808, 0.0455, -0.2419, -0.0175, -0.0806, 0.0438, 0.0481, -0.0786, 0.2157, 0.0096, -0.1029, -0.0886, 0.1071, 0.2316, -0.2048, 0.0911, -0.0365, -0.0221, 0.0906, 0.2328, -0.0825, -0.0611, 0.0377, 0.1545, -0.2505, -0.0093, 0.0713, -0.1335, -0.167, -0.0896, -0.0205, -0.0983, -0.1938]"
8,"[0.0177, -0.0302, 0.0674, -0.044, 0.0473, -0.2249, 0.1356, -0.2691, 0.191, 0.0835, -0.2873, 0.0398, -0.1893, -0.338, -0.0167, -0.0388, -0.0013, -0.1972, -0.0129, -0.2559, -0.3183, 0.11, -0.2056, -0.0142, -0.2283, 0.0789, 0.0045, -0.0101, -0.0488, -0.2106, 0.1052, 0.0938, -0.0445, 0.0699, -0.0953, -0.0614, 0.2619, -0.1011, 0.0398, 0.1148, 0.059, -0.1667, 0.0104, -0.0233, 0.0053, -0.0517, 0.0168, -0.1673, 0.015, 0.0177, 0.2284, 0.0004, -0.7652, 0.0621, -0.022, -0.1048, 0.0761, -0.0037, 0.0303, -0.1106, 0.0771, -0.057, 0.0545, 0.0397, 0.0678, -0.1684, -0.085, -0.0862, -0.2821, 0.2971, -0.0281, -0.1362, 0.0811, -0.0479, -0.0661, 0.0033, 0.0153, -0.0608, 0.0478, -0.1098, -0.0483, 0.2213, 0.2309, -0.1574, -0.1415, 0.1503, 0.268, -0.1259, 0.2525, -0.0878, 0.0471, 0.3758, 0.0376, -0.086, -0.2057, -0.1176, -0.0475, -0.1409, -0.0701, -0.0214, -0.0988, 0.0402, -0.1244, -0.1206, 0.0993, 0.1762, -0.0481, -0.0849, -0.039, -0.0713, 0.0463, -0.0189, 0.1029, 0.0534, 0.0917, 0.1079, 0.0717, -0.135, -0.092, -0.1688, -0.3448, -0.3192, 0.0834, -0.0049, -0.0276, 0.0922, -0.2719, -0.0987, -0.0153, 0.0552, 0.0016, -0.1035, 0.1808, -0.1123, -0.0169, 0.1005, 0.0322, 0.1805, 0.052, -0.0385, 0.0135, 0.1409, 0.0101, 0.0606, -0.0558, 0.1698, 0.0624, -0.1368, 0.0452, -0.0532, -0.1502, -0.032, -0.1789, 0.0321, -0.0785, -0.0224, 0.0851, -0.1249, -0.1146, 0.1885, 0.0602, -0.1798, -0.1801, 0.0081, 0.0671, 0.1326, 0.1466, -0.1843, -0.0303, 0.1305, 0.0251, 0.1041, -0.0793, 0.023, -0.1009, 0.0263, 0.1297, -0.0391, -0.0733, -0.1422, -0.0395, -0.1865, 0.0152, -0.1547, 0.0566, -0.0101, -0.0376, 0.0488, -0.1578, 0.0376, 0.016, 0.0515, 0.14, -0.0771, 0.0529, 0.2093, 0.1927, 0.162, 0.0775, 0.0098, 0.0245, -0.0686, -0.0159, -0.2576, -0.0042, 0.1771, -0.0349, -0.331, -0.3129, 0.199, 0.1396, 0.0045, 0.0065, -0.091, -0.1541, -0.0395, 0.0837, 0.0235, 0.1487, -0.0806, -0.0563, -0.2576, 0.0021, 0.1554, -0.0065, -0.1432, 0.0335, -0.0359, -0.0341, 0.0287, -0.3723, 0.2455, 0.1948, -0.0473, -0.0775, -0.0274, -0.1704, 0.1295, -0.0503, 0.3079, 0.0965, 0.0964, -0.0708, -0.2383, -0.2205, -0.1159, 0.0099, 0.2738, -0.0137, 0.24, 0.0013, -0.038, 0.0232, -0.26, -0.069, -0.1882, 0.0469, 0.0841, 0.0422, -0.0505, 0.0374, -0.1011, 0.0195, -0.1234, -0.5308, 0.0845, 0.027, 0.0113, -0.336, -0.1346, -0.255, 0.0827, -0.1842, -0.0208, -0.1762, -0.1167, -0.0747, 0.0825, 0.0806, -0.0504, -0.0564, -0.1138, 0.2684, 0.2522, -0.1305, 0.0704, -0.035, -0.072, -0.1118, -0.0869, -0.0756, 0.1305, -0.0861, 0.1037, -0.0319, -0.0066, -0.0933, 0.0955, -0.0187, 0.0066]"
8,"[-0.0693, -0.04085, 0.08555, 0.0412, 0.1411, -0.0651, 0.06965, -0.01475, -0.0593, 0.016900000000000002, -0.08265, 0.08115, -0.02735, 0.04115, 0.01205, 0.14285, 0.14585, 0.03935, 0.09605000000000001, -0.046450000000000005, -0.09134999999999999, -0.053599999999999995, -0.04375, 0.16375, 0.07680000000000001, 0.025599999999999998, 0.12575, 0.44125, 0.047, -0.008749999999999999, 0.09714999999999999, -0.08545, 0.1828, 0.07595, 0.1626, 0.07844999999999999, 0.0146, 0.08675, -0.0545, 0.023750000000000004, -0.035949999999999996, 0.1298, 0.1179, 0.0594, 0.019700000000000002, -0.008550000000000002, -0.07744999999999999, -0.022, 0.0949, 0.059899999999999995, -0.0462, 0.0885, -0.67935, -0.10884999999999999, 0.015900000000000004, -0.11295, -0.1382, -0.10245, -0.018, -0.024149999999999998, 0.051500000000000004, 0.061700000000000005, 0.11455, 0.008949999999999996, 0.0543, -0.11449999999999999, -0.066, 0.12135, 0.02415, -0.01905, -0.06765, -0.024399999999999998, 0.00145, -0.2037, 0.0923, -0.029249999999999998, 0.010799999999999997, 0.033, -0.0029499999999999943, 0.14479999999999998, 0.02975, -0.14784999999999998, -0.12825, -0.275, -0.0246, -0.18245, 0.018750000000000003, 0.03655, -0.3292, -0.02795, -0.0023500000000000014, -0.0264, -0.022150000000000003, -0.0684, 0.050050000000000004, -0.0496, -0.07525, 0.0449, 0.06484999999999999, -0.0002500000000000002, -0.15815, 0.0174, 0.03965, 0.0046, 0.22325, 0.08925, -0.1094, -0.0855, -0.01755, 0.030649999999999997, 0.027549999999999998, 0.19775, 0.035100000000000006, 0.11535000000000001, -0.09925, 0.0007999999999999952, -0.13369999999999999, -0.00010000000000000005, -0.1148, -0.37575000000000003, 0.0991, 0.04635, 0.011950000000000002, -0.0023499999999999997, 0.11714999999999999, 0.10335, 0.05725, 0.2521, -0.09559999999999999, -0.0985, -0.011449999999999998, 0.0032000000000000015, -0.030249999999999996, 0.03565, 0.0698, 0.053700000000000005, 0.00995, -0.0402, 0.012849999999999999, -0.0954, -0.038, 0.0887, -0.07919999999999999, 0.3076, 0.13685, -0.043199999999999995, 0.15405, 0.0097, -0.004749999999999997, -0.09675, 0.09914999999999999, 0.08360000000000001, 0.024350000000000004, 0.0412, 0.04185, 0.04920000000000001, -0.0217, -0.07885, -0.06295, -0.05905, -0.0416, -0.0085, 0.0969, -0.0727, -0.16265, 0.14225, 0.08405, 0.08255, 0.0983, -0.08725, 0.1819, 0.0286, -0.0408, -0.015749999999999997, -0.049100000000000005, -0.0712, 0.22794999999999999, 0.20115, 0.029549999999999996, -0.021799999999999993, 0.0753, 0.1124, 0.036, 0.1384, 0.0353, 0.17295000000000002, -0.026250000000000002, -0.28969999999999996, 0.34995, 0.1293, 0.0199, 0.04865, 0.15339999999999998, -0.014700000000000001, -0.03095, -0.1477, 0.060899999999999996, -0.0786, 0.16144999999999998, 0.16885, 0.0672, -0.07744999999999999, -0.00785, -0.033, -0.1292, -0.021750000000000002, -0.04935, 0.01319999999999999, -0.096, -0.0345, 0.0917, -0.01885, -0.05015, 0.03255, -0.045000000000000005, 0.0208, -0.121, -0.03295000000000001, -0.00745, 0.06625, 0.015899999999999997, -0.0674, -0.1757, 0.012249999999999999, 0.06915, -0.10925, 0.03265, 0.0886, -0.009500000000000001, -0.1502, 0.1725, -0.00845, 0.285, -0.04435, -0.03725, -0.16125, 0.0331, 0.08695, -0.20255, 0.0716, 0.030199999999999998, 0.006149999999999999, 0.0798, -0.1048, 0.0023999999999999994, -0.004499999999999997, 0.0008500000000000001, -0.024699999999999996, 0.006099999999999998, 0.2887, 0.11860000000000001, -0.09715, 0.15865, 0.042300000000000004, 0.029900000000000003, 0.07314999999999999, -0.0912, -0.00385, -0.06175, 0.0030499999999999998, 0.06105, 0.08655, -0.0632, -0.06305000000000001, -0.5132, -0.0022000000000000006, -0.0937, 0.0216, 0.05285, 0.0016999999999999932, -0.005850000000000001, 0.04240000000000001, -0.07445, -0.009649999999999999, -0.07605, 0.04605, 0.05495, -0.09075, 0.024749999999999998, -0.005050000000000002, -0.020900000000000002, 0.05745, -0.041949999999999994, -0.1199, 0.0733, 0.0306, 0.0207, 0.10285, -0.11675, 0.03825, -0.0415, 0.012549999999999999, -0.012299999999999998, -0.07830000000000001, 0.1466, -0.0826, -0.04335, 0.24484999999999998, 0.04334999999999999, 0.06445000000000001]"
7,"[-0.0352, 0.1645, -0.015, -0.0902, -0.0728, -0.0132, -0.0872, 0.0512, 0.0241, 0.0543, -0.0701, 0.0055, 0.1443, -0.0776, -0.0547, -0.0444, 0.0229, -0.0987, 0.0713, 0.0699, -0.1439, 0.0206, 0.0148, 0.0593, 0.0885, -0.1385, 0.1302, -0.0042, 0.0178, 0.0698, -0.0369, -0.0914, 0.0389, -0.0513, -0.1007, -0.0601, -0.0588, -0.1456, -0.0696, -0.0158, 0.0428, 0.0808, 0.0193, -0.0234, 0.1489, -0.0454, -0.043, -0.0677, 0.0417, -0.078, 0.1728, -0.076, -0.6127, -0.1202, 0.0022, 0.1161, -0.0425, 0.0574, -0.1397, -0.0928, -0.0491, -0.1168, -0.002, 0.0968, 0.0065, 0.078, 0.0218, 0.0611, -0.068, -0.0447, -0.0307, -0.1601, -0.129, -0.004, 0.1781, 0.0072, 0.1926, -0.0318, -0.1704, -0.2413, -0.0051, -0.0533, 0.1612, -0.1557, -0.0572, 0.0017, -0.0231, -0.1426, 0.1073, 0.1244, -0.0523, -0.0344, 0.0014, 0.0702, -0.0012, 0.1067, 0.0371, -0.1787, 0.008, -0.052, -0.2161, 0.0129, -0.1371, -0.0679, 0.0096, 0.1318, -0.1454, 0.0715, 0.0141, -0.1193, 0.0289, -0.0872, -0.0923, -0.046, -0.0461, -0.0604, -0.2137, 0.0383, -0.0397, -0.3008, 0.1818, 0.121, -0.2168, 0.1254, -0.0363, 0.211, 0.0241, 0.0771, 0.2157, -0.2667, -0.055, 0.035, -0.1474, -0.0209, 0.0364, 0.1325, 0.0484, -0.1334, -0.0366, -0.2109, -0.1448, -0.1625, -0.0247, 0.211, 0.08, 0.0442, 0.0129, 0.0184, -0.0942, 0.133, -0.0377, -0.1462, 0.0791, -0.0662, 0.0027, -0.012, 0.2183, 0.0629, -0.0065, 0.0276, -0.0316, 0.0499, -0.0877, -0.0239, 0.0771, 0.0297, 0.086, -0.0369, -0.05, -0.0321, 0.1408, 0.2121, 0.0985, 0.0811, 0.0109, 0.0306, 0.2656, -0.3442, -0.0181, 0.1113, -0.0056, 0.0731, -0.0048, -0.3109, -0.0064, -0.1979, -0.1507, -0.1619, -0.0423, -0.1763, 0.0895, -0.0519, -0.0139, 0.0937, -0.1175, -0.0388, 0.001, 0.0761, 0.069, -0.1079, 0.0457, 0.0759, 0.0652, -0.3038, 0.218, 0.0156, -0.2089, -0.1957, -0.0099, -0.0076, 0.1685, 0.0665, 0.0208, -0.0035, 0.0241, -0.1698, -0.0082, 0.1645, -0.3344, 0.1129, 0.0321, 0.0882, -0.0143, 0.1182, -0.0155, -0.0346, -0.0474, -0.0273, 0.076, -0.1817, -0.3009, -0.0318, 0.4056, -0.0763, -0.0607, -0.0368, 0.0171, 0.1917, -0.2494, -0.0568, -0.172, -0.2243, -0.012, -0.0878, -0.0496, 0.1285, -0.0201, 0.0087, 0.0187, 0.336, 0.1237, 0.0154, -0.041, 0.0845, -0.0462, 0.2003, 0.0199, -0.095, -0.0494, 0.1466, 0.0239, 0.0332, -0.1054, -0.0339, -0.3271, 0.1667, -0.0411, 0.1415, -0.094, -0.0316, -0.2809, -0.085, 0.0802, 0.0534, 0.1472, -0.1834, 0.0965, -0.1886, 0.0475, 0.1041, 0.0019, 0.1852, -0.0701, -0.0978, 0.0042, -0.2033, -0.2197, -0.0377, 0.0469, 0.0925, -0.0569, -0.0217, 0.0617, -0.0807, 0.1105, 0.0344, -0.079, 0.0287, -0.2117, -0.0838]"
6,"[0.0429, 0.1968, -0.135, -0.0693, 0.3245, -0.0467, 0.0749, 0.0118, 0.0589, -0.1084, 0.0784, -0.1019, 0.1013, -0.0875, 0.2051, -0.2877, -0.0622, -0.143, 0.0879, 0.0264, -0.1709, -0.1369, -0.0269, -0.0679, 0.0195, -0.0619, -0.0048, -0.0594, 0.1189, 0.0242, 0.1233, 0.2645, 0.3335, 0.0116, -0.0624, -0.0588, 0.0156, -0.0852, -0.0538, -0.1136, -0.162, -0.0097, 0.2056, -0.0473, 0.174, -0.2146, 0.1188, 0.0971, 0.0908, 0.0794, 0.0981, 0.0181, -0.8474, 0.1018, 0.0491, -0.004, -0.0539, -0.1508, -0.386, -0.0488, -0.3236, 0.0952, -0.2547, -0.1623, 0.1538, 0.0541, 0.0631, -0.0176, 0.0386, -0.0792, 0.0331, 0.0817, -0.0566, -0.0895, -0.0514, -0.0987, -0.0402, -0.1057, -0.1076, -0.2932, 0.0145, 0.1683, 0.1295, -0.2618, -0.126, 0.0396, 0.1982, 0.0348, -0.0249, -0.2704, 0.1282, -0.0092, -0.0467, 0.043, 0.3197, 0.109, -0.07, -0.2016, 0.1537, -0.0422, -0.1493, 0.0257, -0.1761, -0.057, 0.0286, -0.2396, 0.0707, 0.0964, 0.099, -0.0542, 0.1624, 0.1283, 0.1464, 0.0386, 0.1101, -0.0807, -0.0439, -0.2096, 0.1248, -0.2154, 0.2091, 0.2571, -0.0392, 0.1219, -0.0494, 0.2313, -0.0344, -0.1173, 0.2356, -0.0296, -0.096, -0.095, 0.0176, -0.1621, 0.1302, -0.1421, 0.0954, -0.0575, -0.1908, 0.07, 0.1726, 0.1099, -0.1998, 0.092, -0.1018, 0.0928, -0.1244, -0.0211, -0.2701, 0.0512, 0.1241, 0.0847, 0.0387, 0.0924, -0.4078, 0.0332, 0.0288, 0.0031, -0.017, 0.0727, 0.0393, 0.1515, 0.1682, 0.1848, 0.3432, 0.0374, 0.0137, 0.0795, 0.1278, 0.0193, 0.1005, -0.0398, -0.155, -0.0458, 0.1953, -0.0535, 0.3355, 0.0292, -0.1378, 0.0495, -0.0264, 0.082, -0.133, 0.0458, 0.1027, -0.0916, 0.2498, 0.1357, 0.0307, -0.1188, 0.0083, -0.3155, 0.1778, -0.1784, 0.0316, 0.1531, -0.0012, 0.1103, 0.1425, 0.1659, 0.0734, -0.1021, -0.1126, -0.0384, 0.0708, -0.2091, -0.1098, 0.0875, -0.1422, 0.0342, 0.1039, -0.0046, -0.1451, 0.1604, -0.2399, -0.3306, 0.0163, 0.2553, -0.1648, 0.2601, 0.1737, 0.1397, 0.0784, 0.1319, 0.0122, -0.1094, -0.2204, 0.1051, 0.1852, -0.2259, -0.3153, 0.0282, 0.2592, -0.3776, 0.0231, -0.157, -0.0648, 0.0875, -0.1851, -0.0679, -0.3288, -0.0155, -0.1859, 0.0418, 0.128, 0.0985, -0.0405, 0.2176, 0.1492, 0.2966, 0.0531, 0.1135, -0.0455, -0.1618, 0.1001, 0.0593, -0.112, 0.0581, 0.0018, -0.0126, -0.025, 0.0255, -0.0774, 0.1725, -0.328, -0.1307, -0.0085, -0.1295, -0.2235, 0.0365, -0.0829, -0.07, -0.0041, 0.1031, -0.0458, 0.0704, -0.1049, 0.1324, -0.0202, -0.0709, -0.0564, 0.0809, 0.0185, -0.13, 0.0677, -0.0068, -0.2067, -0.0726, -0.036, 0.0663, -0.0935, 0.117, 0.1982, 0.0053, -0.119, -0.1829, -0.1212, 0.1013, -0.0727, -0.2317]"
5,"[-0.1119, -0.0345, -0.0867, -0.1041, 0.0297, 0.0782, 0.0664, 0.0264, -0.0112, 0.0336, -0.0999, -0.0964, -0.3213, -0.1852, 0.0505, 0.0608, 0.0352, -0.0136, -0.0058, -0.0252, -0.1169, -0.1094, -0.0286, -0.0165, 0.0297, -0.0113, 0.0886, -0.1108, 0.019, -0.0106, -0.024, -0.0833, 0.0373, 0.032, -0.0188, 0.0107, 0.0359, -0.0097, 0.0039, -0.0955, 0.0445, 0.0408, -0.0152, -0.1116, 0.0316, 0.0812, -0.0242, -0.0554, 0.0441, -0.0492, 0.1864, -0.0145, -0.5963, 0.074, -0.0612, -0.052, -0.0846, -0.0664, -0.1216, 0.0862, -0.0246, -0.0625, 0.013, -0.0137, 0.0703, -0.0943, 0.0468, 0.0032, 0.016, 0.1758, -0.0552, -0.0501, -0.0454, -0.1096, 0.1081, 0.0449, 0.1402, -0.0622, -0.0012, -0.0809, -0.007, -0.148, 0.0744, -0.2408, -0.0954, -0.1417, -0.0035, 0.037, 0.1553, -0.0275, -0.1196, -0.0678, 0.009, 0.0124, -0.1831, -0.2474, -0.0647, 0.0929, 0.0068, -0.0375, -0.1482, -0.0434, -0.1597, -0.0579, 0.0453, 0.1408, -0.0161, -0.0666, -0.0112, -0.1584, -0.0532, 0.1111, 0.0744, -0.0575, -0.0184, 0.0691, -0.1031, -0.1521, 0.112, -0.4012, 0.0149, 0.0234, -0.0554, -0.0149, 0.0545, 0.1802, -0.0155, 0.1122, 0.0424, -0.0467, 0.062, 0.0168, -0.1059, -0.0664, -0.0656, 0.094, -0.0876, 0.0126, 0.1404, 0.0478, -0.0843, -0.0771, -0.0932, 0.2048, 0.1556, 0.0113, -0.0243, -0.0904, 0.0735, 0.0781, 0.0442, 0.1159, 0.0802, -0.1504, 0.0127, -0.0248, 0.0473, 0.2275, 0.1107, -0.1758, -0.0705, -0.1086, 0.0134, 0.0376, 0.0336, 0.0669, 0.0829, -0.0155, -0.0517, -0.0496, 0.0133, 0.0667, -0.0218, -0.0423, 0.3139, -0.0655, 0.2086, -0.2509, 0.1079, 0.0779, 0.0416, -0.0334, 0.007, -0.1206, 0.081, -0.0748, 0.2261, -0.0313, -0.1468, 0.1343, -0.0388, -0.0835, 0.0298, 0.0117, 0.0326, 0.0825, -0.083, -0.0116, 0.0983, -0.0591, -0.1205, 0.0354, -0.1417, -0.0223, 0.1084, 0.078, -0.1115, -0.2413, 0.0294, -0.0351, 0.2047, -0.1384, -0.0672, -0.0032, -0.0157, 0.0551, -0.004, 0.1686, -0.2618, -0.062, 0.1028, -0.1098, 0.059, 0.0753, 0.0898, -0.0467, 0.0041, -0.0284, 0.11, -0.1267, -0.1908, 0.0759, 0.3805, -0.0091, -0.0288, -0.0308, -0.0486, 0.1727, -0.2295, 0.0658, 0.0769, 0.1033, 0.035, 0.0269, 0.0361, -0.0616, -0.0205, 0.0461, 0.0897, 0.3283, 0.0211, -0.0452, 0.0111, -0.1852, -0.1089, 0.1792, -0.097, -0.0012, -0.0979, -0.1175, -0.0576, 0.1275, -0.0541, -0.1212, -0.4761, 0.0116, -0.0045, -0.0112, -0.1178, -0.0542, -0.0534, 0.0564, -0.0108, 0.1549, 0.0402, 0.0099, 0.0177, -0.0752, -0.0084, 0.0271, 0.0372, 0.0917, 0.0465, 0.0505, 0.032, 0.0151, 0.0212, -0.0691, 0.0262, 0.0252, -0.0609, -0.1145, -0.0765, -0.1107, 0.0284, -0.0145, -0.0689, 0.0847, -0.0396, -0.2036]"
4,"[-0.0944, -0.0557, -0.0682, 0.0333, -0.1005, -0.1327, 0.085, -0.0935, 0.164, -0.0748, 0.1273, -0.0608, -0.2085, 0.046, 0.085, -0.0512, -0.0133, -0.1325, 0.0124, 0.3122, -0.1069, -0.1754, 0.1161, 0.0133, -0.082, -0.0516, -0.0546, -0.199, -0.0524, -0.1259, -0.0841, 0.0373, 0.1937, -0.0408, -0.2233, 0.0599, -0.0158, -0.1728, 0.0343, -0.0198, 0.1276, -0.0366, 0.0583, -0.016, -0.0243, 0.0765, -0.0555, 0.051, -0.0856, 0.0478, 0.0572, 0.0522, -0.659, -0.1254, -0.0837, -0.1315, -0.1477, -0.0929, -0.0084, 0.0022, -0.1154, 0.0924, -0.112, -0.0629, 0.042, 0.1245, 0.0586, -0.0293, -0.0042, 0.0577, -0.1549, -0.0043, -0.0418, -0.1052, 0.1149, -0.0862, -0.0453, 0.0136, 0.18, -0.184, -0.0083, -0.1228, 0.0647, -0.2309, -0.1, -0.1898, -0.1886, 0.1501, -0.0165, -0.0132, 0.1495, -0.1086, -0.0516, 0.06, 0.1414, 0.0964, -0.0158, -0.0881, 0.0606, 0.1247, -0.1805, 0.006, -0.0139, 0.0379, 0.0069, 0.0496, -0.0325, 0.1227, -0.1319, -0.078, -0.0407, -0.03, 0.032, 0.0319, -0.0311, -0.0599, -0.0675, 0.0551, 0.0173, -0.4642, 0.0671, 0.0801, 0.0571, -0.0985, 0.017, 0.0559, -0.0537, -0.0741, -0.0267, 0.0062, -0.0134, -0.084, -0.1087, -0.1332, 0.1766, 0.0883, -0.0394, -0.0842, 0.0866, -0.1939, 0.0684, -0.0712, 0.0553, 0.2489, -0.0012, 0.0749, 0.2017, 0.1317, 0.0816, 0.0154, 0.0569, 0.081, -0.0601, 0.0022, -0.0234, 0.0357, -0.0939, 0.0548, -0.0858, -0.1178, 0.1824, 0.0322, 0.0172, 0.0281, -0.0212, -0.0001, 0.0026, 0.0448, -0.0566, 0.1038, -0.1221, -0.0859, 0.0343, 0.0221, 0.1495, -0.0613, 0.3492, -0.0279, 0.0869, 0.0923, 0.0467, -0.0568, -0.1093, -0.093, -0.0606, -0.2673, -0.0138, -0.0141, -0.0022, 0.0582, 0.0394, -0.044, -0.0294, -0.0237, 0.1595, -0.0514, -0.0308, -0.0049, 0.1658, 0.0074, -0.1588, 0.126, -0.0282, 0.0277, -0.1474, 0.0398, 0.0077, -0.1343, -0.084, -0.0104, 0.1362, -0.1209, -0.1953, -0.122, 0.0814, -0.107, -0.1353, 0.0299, -0.1057, 0.0934, -0.0705, -0.0984, -0.0094, -0.0661, 0.1122, 0.0694, 0.0098, 0.0377, 0.1124, -0.3919, -0.2417, -0.0726, 0.2347, 0.0725, 0.1707, -0.0764, 0.0099, -0.0364, -0.1198, -0.0734, -0.006, 0.0537, -0.0513, 0.1097, 0.0181, -0.1368, -0.0119, -0.1816, -0.0424, 0.1612, 0.0731, -0.012, -0.0746, -0.0278, -0.1172, -0.0896, -0.0358, -0.1745, -0.0058, 0.0779, -0.0691, 0.0832, -0.002, -0.0605, -0.2694, -0.113, -0.0479, -0.0027, -0.1961, -0.0233, -0.1061, 0.0994, 0.0554, -0.0637, -0.0965, -0.0087, 0.1658, -0.1434, -0.0719, 0.0633, -0.0971, 0.0084, -0.0127, -0.1721, -0.0064, -0.0898, 0.0693, -0.0714, -0.0806, -0.0135, 0.0268, -0.0894, 0.0271, -0.0506, -0.2284, -0.0484, -0.1275, 0.0265, 0.2455, 0.0636]"
3,"[0.06815, 0.0598, 0.03615, -0.11185, -0.0035499999999999976, -0.0324, 0.1815, 0.0527, 0.059, 0.1106, 0.038400000000000004, -0.1491, 0.04594999999999999, 0.0675, -0.014499999999999999, 0.03495, -0.020499999999999997, -0.00685, -0.13255, 0.07365, -0.16425, 0.0232, -0.044, 0.0843, 0.06775, -0.056850000000000005, 0.0010500000000000023, -0.0663, -0.07590000000000001, -0.06525, 0.015900000000000004, 0.008399999999999998, 0.058600000000000006, 0.006999999999999999, 0.021450000000000004, 0.0371, 0.0627, 0.011349999999999999, -0.0279, -0.13375, -0.011100000000000006, 0.0317, -0.1111, -0.0039000000000000007, 0.0649, -0.0673, 0.03845, 0.0028500000000000053, -0.06345, -0.03235, 0.037450000000000004, 0.0094, -0.72575, -0.016399999999999998, -0.0545, 0.024450000000000003, 0.0371, -0.013599999999999994, -0.06495000000000001, -0.0401, 0.02235, 0.09705, 0.07885, 0.02325, 0.0211, -0.013950000000000004, 0.0372, 0.0407, -0.020149999999999998, 0.0363, -0.07239999999999999, -0.022150000000000003, 0.016800000000000002, -0.062049999999999994, -0.049850000000000005, -0.0031999999999999945, 0.02345, -0.02205, 0.00405, -0.0211, 0.0207, 0.02435, 0.06275, -0.1631, 0.05565, 0.0013500000000000005, 0.0688, -0.1055, 0.1991, 0.05425, -0.0558, 0.10755, 0.0251, 0.0073999999999999995, 0.0468, -0.0407, -0.03375, 0.0248, 0.06199999999999999, 0.14750000000000002, -0.18359999999999999, -0.14405, -0.10815, 0.016649999999999998, 0.057249999999999995, 0.10065, 0.0464, -0.0451, 0.0437, 0.011099999999999999, -0.13294999999999998, -0.02075, 0.0838, 0.030000000000000002, 0.07355, -0.0208, -0.12585000000000002, 0.095, 0.009300000000000003, -0.27349999999999997, -0.2328, -0.02935, -0.005600000000000001, 0.1412, -0.11925000000000001, 0.20295000000000002, -0.0404, -0.024350000000000004, -0.08635000000000001, -0.04665, 0.1462, 0.08585, -0.021, -0.19255, -0.05005, -0.04005, 0.08195, 0.0461, -0.04845, -0.06559999999999999, 0.11315, -0.018, -0.08135, 0.19519999999999998, 0.13490000000000002, 0.040999999999999995, -0.0814, -0.12210000000000001, -0.016500000000000004, 0.17205, -0.12425, -0.023649999999999997, -0.10325, 0.0005000000000000039, -0.0054499999999999965, -0.03845, 0.09459999999999999, -0.006249999999999999, -0.08560000000000001, -0.0070999999999999995, -0.041299999999999996, 0.0161, -0.0337, 0.1799, -0.03715000000000001, 0.10305, 0.1021, 0.07565000000000001, -0.05885, -0.008, 0.06885000000000001, 0.04825, -0.001899999999999999, -0.032549999999999996, 0.024299999999999995, -0.11015000000000001, 0.31265, -0.1041, 0.0633, -0.004400000000000001, 0.057300000000000004, 0.02745, 0.02125, -0.08829999999999999, 0.0658, -0.0947, -0.05195000000000001, -0.020649999999999995, 0.014350000000000002, 0.07970000000000001, -0.030699999999999998, 0.15639999999999998, -0.12605, 0.15755000000000002, 0.11035, 0.23925000000000002, 0.022750000000000006, 0.023749999999999997, 0.09795000000000001, 0.005749999999999998, 0.15705000000000002, 0.06509999999999999, 0.029949999999999997, -0.0407, 0.008749999999999999, 0.029049999999999992, -0.000449999999999999, -0.0286, 0.023899999999999998, 0.21425, 0.044899999999999995, -0.049499999999999995, 0.01405, 0.08495, -0.03375, -0.03895, -0.1053, -0.04925, -0.0356, -0.02595, -0.07164999999999999, -0.055, 0.08625, -0.0621, -0.10825000000000001, -0.20445, 0.0332, 0.10715, 0.09455, -0.13799999999999998, 0.0536, -0.07200000000000001, 0.30175, -0.08574999999999999, 0.046, -0.22255, -0.05765000000000001, -0.019, -0.23435, 0.0769, -0.006500000000000001, -0.01335, 0.1291, -0.004250000000000004, 0.10715, -0.10020000000000001, 0.010650000000000001, 0.09455, -0.0551, 0.38835, 0.0023999999999999994, -0.0496, -0.051899999999999995, -0.05, -0.048100000000000004, -0.008000000000000002, -0.06524999999999999, -0.026000000000000002, -0.0787, -0.038250000000000006, 0.0037, -0.09734999999999999, 0.04105, 0.0697, -0.10905000000000001, 0.061549999999999994, -0.0659, 0.027850000000000003, -0.2224, 0.0404, -0.043250000000000004, -0.16175, 0.0030499999999999998, -0.06515, 0.09845, 0.09645, -0.021650000000000003, 0.01985, -0.034850000000000006, -0.09955, 0.07189999999999999, -0.0173, -0.02245, -0.014399999999999996, -0.03785, 0.094, -0.09885, 0.0448, 0.0009500000000000012, -0.02675, -0.02255, 0.1242, 0.016849999999999997, -0.0002500000000000002, 0.1189, -0.03795, -0.1162, 0.0636, 0.0149, 0.033449999999999994]"
2,"[0.08, 0.0296, -0.186, 0.0671, 0.0758, 0.1449, 0.0638, -0.0084, -0.1131, -0.0224, 0.1754, 0.1202, -0.0323, -0.106, -0.019, -0.051, -0.0622, 0.0911, 0.0283, 0.1672, -0.1963, 0.1276, -0.1759, 0.1652, -0.0819, 0.0242, 0.007, 0.1297, 0.0065, -0.1661, 0.1019, -0.1223, 0.0046, -0.0492, 0.0459, -0.2142, 0.0284, 0.0653, 0.0565, -0.388, 0.3631, 0.0314, -0.0977, 0.0449, 0.1278, -0.0129, 0.1477, -0.091, -0.2594, -0.1204, 0.0839, -0.0157, -0.7149, -0.0471, -0.1067, 0.0028, 0.0673, -0.156, 0.189, -0.1663, -0.0185, -0.1619, -0.0917, 0.3038, 0.139, 0.1616, -0.2022, 0.0142, -0.1452, 0.1862, -0.0116, -0.0454, 0.0106, -0.1081, -0.0838, -0.0086, 0.1994, -0.0604, -0.213, 0.0981, 0.0227, 0.0175, -0.1138, -0.106, -0.1823, 0.1292, 0.1784, 0.0564, 0.1296, -0.0901, -0.0945, 0.0481, -0.1196, 0.1657, 0.0215, 0.1051, -0.1839, -0.1372, 0.0613, 0.0215, -0.0116, -0.0427, 0.0234, -0.0987, -0.0056, 0.4001, 0.0154, -0.0286, -0.0584, -0.0891, -0.1098, 0.1946, -0.0054, 0.1273, -0.131, -0.0901, -0.0256, 0.0978, 0.1447, -0.2384, -0.0817, 0.0612, -0.1398, -0.1044, 0.1571, 0.1025, -0.0748, -0.1415, 0.3136, -0.0769, -0.0442, -0.2157, 0.1352, -0.1183, 0.0705, 0.0286, -0.0521, 0.3025, 0.0213, -0.0357, -0.0512, 0.1184, 0.0226, -0.0465, 0.1924, -0.1124, -0.0182, 0.0141, -0.2311, 0.1684, -0.2644, -0.1829, 0.1221, 0.0562, 0.1559, 0.0336, -0.0571, 0.1682, 0.0457, 0.0842, -0.051, -0.1697, -0.1039, 0.2274, 0.146, -0.2476, 0.0402, 0.0927, -0.1069, -0.1461, 0.0814, -0.0078, -0.1173, 0.0859, 0.2821, 0.086, 0.1509, -0.1885, 0.0038, 0.0813, 0.0196, 0.1443, 0.1981, -0.0541, -0.2736, 0.1315, 0.0642, 0.0592, -0.1532, 0.2655, 0.0537, 0.0045, 0.0505, -0.0707, -0.0236, 0.1115, -0.0294, 0.0009, 0.055, 0.0275, -0.1073, 0.0388, 0.2773, -0.1284, -0.1232, -0.0673, 0.0531, -0.0776, 0.0159, -0.0431, -0.0733, 0.3605, 0.0584, -0.1302, 0.2241, 0.0218, 0.1049, -0.0722, -0.0884, 0.0745, 0.131, -0.0241, -0.1539, -0.0461, -0.2549, -0.1786, 0.1764, -0.1626, 0.0663, -0.1414, -0.2127, 0.0171, 0.2786, -0.1638, 0.1007, -0.0923, 0.0383, 0.0629, -0.0842, -0.082, -0.0751, 0.2166, 0.0043, 0.1086, -0.0869, 0.1787, -0.0403, 0.205, -0.005, 0.3021, 0.2358, -0.2254, -0.0011, 0.0709, 0.1097, -0.2055, -0.2589, 0.0287, 0.2122, 0.0976, 0.0114, 0.0652, -0.1203, 0.0875, -0.5751, -0.1133, -0.0087, -0.0032, -0.2689, -0.0289, -0.1543, 0.0481, -0.071, -0.0923, -0.1232, 0.2645, -0.0263, 0.1663, 0.1365, -0.1084, -0.0623, 0.1239, 0.0064, -0.1805, 0.0379, -0.1366, -0.0117, -0.0011, 0.0092, -0.1099, -0.1549, 0.0752, 0.0587, -0.1361, 0.045, -0.2662, -0.0356, 0.0314, 0.2354, -0.0723]"
1,"[0.07973333333333334, 0.03346666666666666, 0.0866, -0.1129, -0.0019999999999999983, 0.11006666666666665, 0.009033333333333332, -0.04303333333333333, -0.06613333333333334, -0.07423333333333333, -0.010300000000000002, -0.021033333333333334, -0.05026666666666666, 0.05553333333333333, -0.05923333333333333, 0.050199999999999995, 0.05790000000000001, 0.05179999999999999, -0.05026666666666666, -0.03503333333333333, -0.1134, 0.007300000000000005, -0.029300000000000003, 0.14116666666666666, -0.041800000000000004, -0.0552, 0.0008666666666666684, 0.024033333333333334, -0.0509, -0.08603333333333334, -0.0021999999999999984, -0.027333333333333334, -0.013566666666666663, 0.045000000000000005, 0.00866666666666667, -0.029333333333333333, 0.027266666666666665, -0.044466666666666675, 0.021466666666666665, 0.037, -0.004333333333333333, 0.062, 0.08343333333333335, -0.07523333333333333, 0.07993333333333334, 0.024499999999999997, 0.09503333333333334, 0.1693, -0.016300000000000005, 0.013733333333333328, 0.056366666666666676, 0.0517, -0.6792333333333334, 0.010266666666666667, -0.04666666666666666, 0.042366666666666664, -0.019700000000000002, 0.029833333333333333, -0.1975, -0.06153333333333333, 0.11793333333333333, -0.021666666666666667, -0.08956666666666667, -0.0019666666666666673, 0.0161, 0.05826666666666667, 0.05983333333333333, 0.05566666666666667, -0.07213333333333333, 0.07923333333333334, -0.05623333333333333, -0.03206666666666667, -0.10413333333333334, -0.01896666666666667, 0.1097, -0.003066666666666667, 0.09949999999999999, 0.029766666666666667, -0.09910000000000001, 0.16019999999999998, 0.017666666666666667, 0.11170000000000002, 0.0703, -0.20766666666666667, 0.014233333333333334, -0.0968, -0.07233333333333335, -0.0012666666666666683, 0.2383666666666667, 0.046566666666666666, 0.17743333333333333, 0.005133333333333333, -0.09076666666666666, -0.017700000000000004, -0.0818, -0.03566666666666667, 0.06580000000000001, 0.014166666666666666, -0.010233333333333332, 0.08743333333333335, -0.24419999999999997, -0.025866666666666666, -0.07986666666666667, -0.034533333333333326, 0.07593333333333332, 0.051399999999999994, -0.0521, -0.0378, 0.007966666666666665, -0.08533333333333333, -0.0745, 0.029700000000000004, -0.007000000000000004, -0.05723333333333334, -0.07483333333333332, -0.047933333333333335, 0.004199999999999998, -0.01643333333333333, -0.0775, -0.34423333333333334, 0.0855, 0.06813333333333334, -0.043666666666666666, 0.14273333333333335, -0.0797, 0.2425333333333333, 0.021266666666666666, -0.03163333333333333, 0.005499999999999998, -0.021099999999999997, -0.04053333333333333, -0.042666666666666665, 0.0926, -0.0644, -0.10796666666666667, 0.12126666666666668, 0.10036666666666667, -0.055766666666666666, 0.011433333333333332, 0.07713333333333333, -0.005399999999999998, 0.08046666666666667, 0.005999999999999996, 0.1986, -0.009000000000000001, 0.025833333333333333, -0.07233333333333333, 0.05136666666666667, -0.0712, 0.05466666666666667, 0.14006666666666667, -0.031, 0.081, 0.0032666666666666677, -0.018733333333333334, -0.07103333333333334, -0.01813333333333333, -0.028466666666666668, 0.0871, -0.0927, -0.03323333333333334, 0.05386666666666667, -0.011633333333333334, -0.015266666666666666, 0.025400000000000006, -0.1032, 0.09996666666666666, 0.024933333333333335, -0.01863333333333333, 0.10226666666666666, 0.055900000000000005, -0.09096666666666668, -0.01563333333333333, 0.044533333333333334, 0.043833333333333335, -0.07516666666666666, 0.29793333333333333, -0.28876666666666667, -0.11883333333333333, 0.0378, 0.058766666666666655, 0.04206666666666667, 0.0019333333333333297, -0.045433333333333326, 0.018400000000000003, -0.03743333333333334, -0.06463333333333333, -0.04700000000000001, -0.061500000000000006, -0.0038999999999999994, 0.037399999999999996, -0.043833333333333335, -0.06916666666666667, 0.019, -0.10563333333333334, -0.0458, 0.03556666666666667, -0.11386666666666667, 0.12063333333333333, -0.020900000000000002, 0.03933333333333333, 0.1391, 0.07123333333333333, 0.014833333333333337, -0.013866666666666666, 0.05126666666666666, 0.0035666666666666646, -0.0929, 0.027833333333333335, -0.06193333333333334, -0.0626, -0.05066666666666667, 0.05513333333333333, 0.011066666666666662, -0.06383333333333334, -0.08553333333333334, 0.0734, -0.012266666666666676, 0.0444, -0.15493333333333334, 0.001899999999999999, -0.018699999999999994, -0.09250000000000001, 0.0181, -0.008666666666666668, -0.05826666666666667, -0.07226666666666666, 0.10546666666666667, -0.025000000000000005, -0.10909999999999999, -0.20353333333333334, 0.003566666666666667, 0.3519666666666666, -0.15463333333333332, -0.007766666666666672, -0.16846666666666665, -0.02506666666666667, -0.06196666666666666, -0.30226666666666663, 0.05946666666666667, -0.08293333333333333, -0.05423333333333333, 0.005933333333333332, 0.000833333333333334, 0.041900000000000014, -0.06826666666666666, 0.02803333333333333, -0.06113333333333334, 0.055533333333333344, 0.3915333333333333, 0.06703333333333333, 0.0487, -0.08013333333333333, -0.056400000000000006, -0.09793333333333333, 0.009833333333333333, -0.02266666666666667, 0.019533333333333337, -0.012933333333333333, 0.0010999999999999992, -0.056600000000000004, 0.03956666666666667, 0.10859999999999999, 0.13436666666666666, -0.35356666666666664, 0.056833333333333326, -0.17946666666666666, -0.012066666666666665, -0.1333, 0.04376666666666667, 0.07036666666666667, 0.05973333333333333, 0.006466666666666667, -0.14126666666666665, 0.0018666666666666647, -0.07263333333333333, -0.08696666666666665, -0.05256666666666667, -0.00366666666666667, -0.032966666666666665, 0.0068000000000000005, 0.028200000000000003, -0.0615, -0.04249999999999999, 0.06566666666666666, -0.0501, -0.0051, -0.004433333333333334, -0.06843333333333333, -0.0573, -0.05770000000000001, 0.017499999999999998, -0.0325, -0.13213333333333332, -0.07913333333333335, 0.15556666666666666, -0.014566666666666667, 0.09899999999999999, -0.005333333333333333, 0.040133333333333326]"
0,"[-0.021475, -0.024125, -0.04492499999999999, 0.022300000000000004, -0.024099999999999996, 4.999999999999796e-05, 0.011900000000000006, 0.009925000000000003, -0.026525, 0.05625, -0.019275, -0.10105, -0.0057, -0.00507500000000001, 0.1112, 0.060475, 0.04567499999999999, -0.072225, 0.05532500000000001, 0.014725000000000002, -0.10822499999999999, 0.02715, -0.046825, 0.078175, -0.009199999999999998, -0.011075, -0.032375, -0.0558, -0.025050000000000003, 0.019424999999999998, -0.0102, -0.029600000000000005, 0.017699999999999997, -0.022124999999999995, 0.052599999999999994, 0.009774999999999999, 0.006000000000000002, -5.0000000000000565e-05, -0.06417500000000001, -0.021450000000000004, 0.08155, 0.084675, 0.017825, 0.09775, -0.00945, -0.037425, 0.019625000000000004, -0.037775, 0.019475, -0.102325, 0.003725000000000001, 0.008700000000000003, -0.6980000000000001, -0.0639, 0.0309, -0.07707499999999999, 0.039425, -0.10930000000000001, -0.008849999999999997, -0.058124999999999996, -0.009800000000000003, -0.054575, 0.1094, 0.056924999999999996, -0.06420000000000001, -0.206125, 0.06764999999999999, 0.049625, 0.067525, 0.0109, -0.11665, 0.0020999999999999977, 0.074175, -0.061975, -0.07415000000000001, -0.0007999999999999986, -0.000274999999999994, 0.0003499999999999996, -0.023324999999999995, 0.14205, -0.009474999999999999, 0.10235, -0.010875, -0.245975, -0.046549999999999994, -0.007300000000000001, 0.067325, -0.070275, 0.17957499999999998, -0.11232500000000001, -0.06845, 0.09805000000000001, 0.006400000000000003, -0.043725, 0.12425, -0.03, -0.02852500000000001, -0.013324999999999997, 0.007525000000000004, -0.12019999999999999, -0.160975, -0.078275, 0.023450000000000002, 0.023050000000000005, 0.105125, 0.0584, -0.005074999999999998, 0.043225000000000006, 0.031275, -0.053875000000000006, 0.04435, 0.0731, 0.11842499999999999, 0.06195, 0.012000000000000002, -0.013000000000000001, 0.03577500000000001, -0.0577, -0.005300000000000001, -0.34305, -0.127725, -0.0388, -0.09515, 0.08627499999999999, -0.0743, 0.2043, -0.044324999999999996, -0.052075, 0.042575, -0.08245, 0.032475000000000004, 0.009224999999999997, 0.09612499999999999, -0.034725000000000006, 0.009900000000000003, -0.055249999999999994, 0.0068249999999999995, 0.07164999999999999, -0.023374999999999996, 0.06455, -0.077275, 0.035225, 0.025575, 0.20267500000000002, 0.0036249999999999963, -0.003199999999999998, 0.038, 0.039975, -0.019475, 0.04882499999999999, 0.0479, -0.034525, -0.03525, -0.110525, 0.150125, 0.096875, -0.08404999999999999, 0.0858, -0.08605000000000002, 0.016474999999999997, -0.074375, -0.022075, 0.0035250000000000004, 0.08215, 0.07264999999999999, -0.042325, 0.11652499999999999, 0.097, -0.0509, -0.002300000000000007, -0.029375000000000005, 0.010974999999999988, -0.10125, -0.004225, 0.04012500000000001, -0.0648, 0.24667499999999998, -0.15647499999999998, -0.020999999999999998, 0.009174999999999999, -0.040850000000000004, 0.005750000000000002, 0.043949999999999996, -0.006424999999999998, -0.073225, -0.0584, 0.027075000000000005, -0.038224999999999995, -0.09280000000000001, 0.033775, -0.107825, -0.03145, -0.01595, 0.059375, 0.08415, 0.082125, 0.0358, -0.005350000000000001, 0.170625, 0.0036500000000000005, -0.045524999999999996, 0.0368, -0.014074999999999997, 0.001575, 0.072475, 0.09440000000000001, 0.046024999999999996, 7.499999999999868e-05, -0.139875, 0.071425, 0.0014999999999999996, -0.04425, -0.0409, 0.008649999999999998, -0.08582500000000001, -0.025050000000000003, 0.070325, 0.08644999999999999, -0.142925, -0.0037500000000000033, 0.051500000000000004, -0.032025000000000005, 0.136225, 0.065725, -0.002149999999999999, -0.049174999999999996, 0.022874999999999993, 0.095175, 0.042425000000000004, -0.19640000000000002, -0.1258, 0.05160000000000001, 0.33725, 0.031275000000000004, 0.032425, -0.063375, -0.06487499999999999, -0.05675000000000001, -0.24067499999999997, 0.004425, -0.030625, -0.07669999999999999, -0.026125, 0.012425, 0.074025, 0.013250000000000001, 0.05302499999999999, 0.04650000000000001, 0.00015000000000000256, 0.385425, 0.05407499999999999, -0.06795000000000001, 0.01565, -0.056875, -0.0953, 0.020725000000000004, 0.042374999999999996, -0.007200000000000001, -0.08022499999999999, -0.102275, -0.018625, 0.065525, -0.05635000000000001, -0.018725000000000002, -0.24865, 0.028650000000000002, -0.00925, -0.024949999999999996, -0.18347499999999997, -0.014400000000000001, -0.06505, 0.052925, -0.0421, -0.1192, -0.025325, 0.0201, -0.013399999999999999, -0.001224999999999997, 0.039625, 0.008025000000000001, -0.09872500000000001, 0.030625, 0.0723, -0.073825, -0.06775, -0.04529999999999999, 0.003875, 0.07085, -0.009575, 0.016850000000000004, -0.075725, 0.020474999999999997, 0.038000000000000006, 0.024275, -0.042025, 0.018575, -0.005600000000000001, 0.14142500000000002, 0.044899999999999995, -0.08355]"
