19,"[-0.0199, 0.0156, -0.0256, -0.0907, -0.0136, 0.1188, 0.0759, -0.152, -0.2563, -0.0024, -0.0602, 0.1229, -0.0635, -0.2931, 0.3908, 0.0248, 0.0578, -0.0798, 0.0099, -0.1799, -0.1281, 0.0421, 0.0415, 0.2321, 0.0818, 0.0936, 0.2602, 0.0236, 0.1188, 0.103, -0.0636, -0.1105, -0.0945, -0.1717, 0.0991, 0.0109, -0.0623, 0.0695, 0.143, -0.0805, 0.3193, -0.1591, 0.0058, -0.1326, 0.0158, -0.0557, -0.0631, 0.1444, -0.1719, -0.119, -0.1721, -0.0374, -0.6973, 0.1167, 0.0615, 0.0446, -0.0088, -0.0139, -0.0477, -0.0058, 0.0102, 0.0284, 0.0734, 0.0809, 0.0661, -0.3632, 0.1214, 0.1849, 0.0543, -0.0412, -0.1057, -0.1225, 0.1442, -0.032, -0.0952, 0.1411, -0.0986, -0.0666, 0.0787, 0.1517, 0.0421, -0.0892, -0.063, -0.2132, -0.0332, -0.0618, 0.136, 0.1436, 0.2747, -0.2351, -0.1107, -0.0629, -0.0356, -0.0085, -0.1346, -0.179, 0.0655, -0.0109, 0.146, -0.2612, -0.1836, -0.0828, 0.052, 0.0677, 0.1374, 0.2158, -0.0142, -0.0761, 0.1045, -0.1139, -0.216, 0.1253, 0.0491, 0.1599, 0.0074, 0.0125, 0.0264, 0.0309, -0.1683, -0.2729, 0.1408, -0.1033, -0.0642, 0.0114, 0.1235, 0.1978, -0.156, -0.0036, -0.0015, 0.029, 0.0769, -0.0681, 0.0506, -0.0851, -0.0297, -0.1028, -0.115, 0.2323, -0.0141, 0.0686, -0.0923, -0.1131, 0.0348, 0.2003, 0.1189, 0.0994, -0.0164, -0.0251, 0.0587, 0.0885, -0.0745, -0.1124, 0.1201, -0.0262, 0.0897, 0.0668, -0.1453, -0.0793, -0.0779, -0.0267, -0.0293, -0.0486, 0.059, 0.0572, 0.1396, 0.0036, 0.0914, 0.0903, 0.0565, -0.089, 0.0952, -0.017, -0.0991, 0.1525, 0.1386, 0.0367, 0.2639, -0.1926, -0.0326, -0.0766, 0.0582, 0.2293, -0.0725, 0.0263, -0.1473, -0.0422, -0.0635, 0.0327, -0.1353, 0.1032, 0.0766, 0.0803, 0.1918, 0.0082, -0.029, 0.1055, 0.0323, 0.0382, 0.1652, 0.0084, -0.1711, -0.0247, 0.1482, -0.0495, -0.0385, 0.0184, -0.0169, -0.0038, -0.1134, 0.0137, -0.0281, -0.0226, -0.0852, -0.156, 0.2863, 0.1932, 0.1002, -0.094, -0.3776, -0.06, 0.0903, 0.1116, -0.1267, -0.0192, -0.0132, -0.0779, 0.2159, 0.195, 0.0474, -0.2903, -0.2666, -0.0341, 0.25, -0.0969, -0.0085, -0.083, 0.0269, -0.1566, -0.2448, -0.1476, -0.1007, 0.1052, 0.0909, -0.066, -0.0966, 0.1391, -0.1062, 0.1025, 0.1328, 0.3375, 0.18, 0.0239, 0.0556, -0.1391, -0.1113, 0.0855, 0.0053, -0.0678, -0.0585, -0.0864, -0.1664, 0.1103, -0.1131, 0.0284, -0.3473, -0.0621, -0.0387, -0.048, -0.2385, -0.1237, 0.1055, 0.0216, 0.0872, 0.0125, -0.093, 0.0641, -0.0702, 0.0592, 0.1258, 0.112, -0.0041, 0.1756, 0.1513, -0.0513, 0.0798, 0.1214, -0.1046, 0.1027, 0.1919, 0.0019, -0.0995, 0.0018, -0.0354, 0.1192, 0.2035, -0.1758, 0.1007, 0.086, 0.0493, 0.0085]",cryptography miracle secure auction matching problem verification
18,"[0.0811, -0.1893, 0.0889, -0.0586, 0.1068, 0.1349, -0.0248, 0.0227, -0.0725, -0.1308, -0.0935, 0.096, -0.1284, -0.0636, 0.0622, -0.0893, 0.008, 0.2076, -0.1881, 0.0325, -0.0268, 0.0927, -0.0638, 0.0955, 0.1163, 0.2193, 0.082, -0.1881, -0.1389, -0.1281, -0.1039, 0.0238, 0.0099, -0.048, -0.0976, 0.0411, -0.0131, 0.0177, -0.05, 0.041, -0.0702, -0.0864, -0.1254, 0.0262, 0.1035, 0.1787, -0.0599, 0.0462, -0.0115, 0.0385, 0.1384, 0.3089, -0.7658, 0.1177, -0.0411, 0.0095, -0.1416, -0.0834, 0.0288, -0.0148, -0.0032, 0.0784, 0.1655, 0.0085, 0.0888, 0.0641, 0.0031, 0.0178, -0.0144, 0.0673, -0.0635, -0.0144, -0.0611, -0.1821, -0.0626, 0.0104, 0.1236, 0.0412, 0.0604, 0.1897, 0.0132, 0.0395, -0.0408, -0.1479, -0.0977, -0.0182, -0.1252, 0.1035, 0.4283, -0.0072, 0.0012, 0.1029, 0.0256, -0.0562, -0.0041, 0.1338, 0.05, -0.0418, 0.0349, 0.0231, -0.2367, -0.1855, 0.0656, 0.1239, -0.0433, 0.026, -0.0484, -0.0809, 0.0583, -0.0875, -0.0749, 0.2697, 0.0344, -0.0667, 0.1123, -0.0983, -0.0908, 0.0234, -0.0181, -0.1698, 0.0909, -0.0022, -0.2602, 0.2009, -0.17, 0.2339, 0.0176, -0.0614, 0.1036, -0.0424, 0.1844, 0.1374, 0.252, 0.0679, -0.0687, -0.1537, 0.02, -0.0207, 0.0122, -0.0496, -0.1235, 0.1463, -0.0676, 0.1009, -0.0385, -0.0195, -0.0103, 0.12, 0.0002, -0.0756, -0.0475, -0.0468, -0.0517, 0.112, 0.0521, -0.0682, 0.0127, -0.0074, -0.0279, 0.0619, -0.0315, 0.0281, -0.026, -0.0131, 0.0601, -0.0858, 0.1258, 0.0854, 0.0171, -0.0544, 0.0695, -0.1521, -0.0272, 0.0721, -0.1097, 0.0038, 0.3311, -0.3824, -0.1625, -0.1238, -0.0542, -0.0398, -0.1095, -0.1129, 0.0342, 0.0513, 0.0011, 0.0607, -0.0942, 0.0818, -0.0411, -0.0642, 0.0153, 0.0436, 0.0059, -0.0531, -0.1478, 0.1277, 0.1255, -0.0425, -0.091, 0.0738, 0.2523, -0.2091, 0.2007, 0.0659, 0.0216, -0.1406, 0.1031, -0.0903, -0.1187, -0.0709, -0.0168, -0.131, 0.0673, -0.0829, 0.1092, -0.1017, -0.0369, -0.2126, -0.004, 0.0076, 0.0588, 0.0648, -0.0125, -0.0996, -0.0142, 0.0895, 0.1744, -0.1444, 0.1869, 0.0812, 0.2324, 0.0497, -0.0565, -0.2483, -0.1649, -0.1186, -0.2541, 0.0575, 0.0436, -0.1169, -0.0631, -0.0347, -0.1434, 0.0109, 0.0251, 0.0354, 0.084, 0.458, 0.0909, -0.0582, -0.052, 0.0322, 0.0811, -0.1345, 0.0015, 0.1019, -0.0535, -0.0152, -0.0814, -0.0634, 0.0793, 0.0854, -0.2176, 0.0082, -0.035, -0.0008, -0.2925, 0.0283, 0.2515, 0.1323, -0.0027, -0.1979, 0.0028, 0.0108, -0.0414, 0.0652, -0.0518, -0.0588, -0.1362, -0.0235, -0.0203, -0.1045, -0.0811, -0.0883, 0.0459, 0.1211, 0.0762, -0.0774, 0.0537, 0.0834, -0.117, -0.0731, 0.0238, -0.0888, 0.026, 0.1257, -0.0477, -0.1532]",strictly-black-box zero-knowledge efficient validation financial transaction
18,"[-0.1382, -0.0692, 0.2079, -0.0752, -0.1077, 0.0484, -0.0153, 0.0287, -0.0255, 0.1499, -0.0725, -0.1785, -0.1669, 0.0201, -0.0929, 0.0551, -0.0515, -0.1147, 0.0793, -0.0768, -0.1682, -0.0063, -0.1753, 0.2944, 0.2256, -0.0036, 0.0089, 0.1985, 0.0577, -0.174, 0.0418, -0.1189, 0.2357, 0.0326, 0.0746, -0.045, -0.1487, -0.1003, -0.0676, -0.0715, 0.1641, 0.0098, -0.1481, 0.0418, 0.0176, -0.0678, -0.1743, 0.0997, 0.0019, 0.1403, 0.1351, 0.0129, -0.7518, 0.0999, 0.0593, 0.3159, 0.0064, 0.1829, 0.2401, 0.0625, -0.0246, 0.0131, -0.2155, 0.0423, 0.0074, -0.0224, 0.092, -0.0214, 0.0452, -0.1144, 0.0048, 0.1233, 0.2205, 0.0697, 0.139, 0.1736, 0.0749, 0.1771, 0.0789, -0.1374, 0.0365, -0.0868, -0.2302, -0.199, -0.1019, -0.1236, -0.0111, 0.0607, 0.409, 0.045, -0.1184, 0.0811, -0.1096, 0.0543, 0.053, -0.1153, -0.0285, 0.1388, -0.073, -0.1472, -0.1166, 0.0665, 0.0063, 0.0942, 0.0515, 0.138, 0.1884, -0.1253, -0.0617, 0.1558, -0.0199, 0.1053, 0.0341, -0.0156, 0.1333, 0.0174, 0.0363, 0.032, 0.0841, -0.1899, -0.1, 0.0251, 0.0605, 0.1899, 0.0073, 0.1823, -0.1289, 0.0326, 0.0292, -0.125, 0.1311, 0.0196, 0.0097, -0.0189, -0.0589, -0.1334, 0.0584, -0.0572, -0.0354, 0.0265, 0.0227, -0.0975, 0.006, 0.2306, -0.0106, 0.0471, 0.0843, 0.0204, -0.0093, 0.1962, -0.0023, -0.0534, 0.0014, 0.0271, -0.0768, 0.0303, -0.0084, 0.1081, 0.009, -0.006, 0.3089, -0.1391, 0.0473, 0.0052, 0.0329, -0.0223, 0.0572, 0.2201, -0.2029, -0.016, -0.0872, -0.0949, 0.0474, -0.1755, 0.0866, -0.0744, 0.3, -0.1778, -0.0709, -0.014, 0.0431, -0.1193, 0.0107, 0.0707, -0.0339, 0.0872, 0.0864, 0.0613, -0.0493, 0.1353, -0.0666, 0.0412, -0.1552, 0.0908, 0.0219, 0.2039, 0.0001, -0.2068, 0.1064, -0.0809, -0.0516, 0.01, 0.0223, 0.0781, 0.1778, 0.1472, 0.0755, -0.0455, 0.0021, -0.0129, 0.197, 0.1016, -0.0312, -0.076, 0.0457, -0.0965, 0.0319, -0.2404, 0.0348, 0.1126, 0.1365, -0.1318, -0.1115, 0.0939, 0.1376, 0.1039, -0.1277, -0.0829, -0.1466, -0.0924, -0.0066, -0.3247, 0.2449, -0.0306, -0.0499, -0.1203, -0.0721, 0.014, -0.2032, 0.0365, -0.1164, -0.1139, -0.1047, 0.057, 0.03, 0.0653, -0.3419, 0.1761, -0.022, 0.3628, -0.0727, 0.152, -0.1553, -0.1684, 0.3103, -0.0063, -0.0898, 0.1112, -0.0614, 0.1342, -0.0319, 0.1728, -0.0328, 0.1689, -0.2403, 0.0376, -0.0223, -0.157, -0.2965, -0.0281, 0.0408, 0.0249, 0.0425, -0.08, -0.0993, 0.009, 0.139, -0.0834, -0.0281, -0.0028, 0.0035, -0.0044, -0.17, 0.0156, 0.0528, -0.1407, -0.1636, -0.0271, 0.0976, 0.0016, -0.0196, 0.0039, -0.2646, 0.0535, -0.0736, 0.0382, -0.1019, 0.1197, -0.043, 0.0036]",never early begin computer science high-school student
17,"[-0.0344, 0.0455, 0.0059, -0.1433, 0.0952, -0.0209, -0.084, 0.0935, -0.0304, -0.0277, -0.0719, 0.1849, 0.0602, 0.0668, -0.0572, -0.0042, -0.1842, 0.0783, 0.0586, -0.0617, -0.16, 0.0163, -0.0397, 0.0955, 0.1729, -0.0924, 0.1941, 0.0315, -0.021, 0.0128, -0.1551, 0.001, 0.2112, -0.0429, -0.0369, -0.2208, -0.0323, -0.3051, 0.0934, 0.1138, -0.0754, -0.0529, 0.1305, -0.3027, 0.0648, 0.032, 0.0335, -0.0335, 0.0433, 0.058, -0.056, 0.1887, -0.6774, -0.0404, 0.0073, 0.1007, 0.1922, 0.0215, -0.0652, 0.1145, -0.0687, 0.0645, 0.0239, -0.0193, -0.1269, -0.1984, -0.0493, 0.094, -0.1288, 0.1589, -0.0135, -0.0918, 0.1024, 0.1326, 0.0633, -0.0778, 0.0202, 0.1011, -0.1789, 0.1155, -0.0471, -0.0419, -0.0646, -0.186, 0.1358, 0.1225, 0.1689, 0.1554, -0.346, -0.0598, 0.0644, -0.0692, -0.0174, -0.0733, 0.0605, 0.1197, -0.182, 0.0854, -0.0865, -0.0613, 0.046, -0.1882, -0.0303, -0.1875, 0.1128, -0.0104, 0.0573, 0.0235, 0.0184, 0.0091, -0.0308, -0.1137, 0.0481, -0.1524, -0.0353, -0.1463, 0.2338, 0.0936, 0.2971, -0.1901, -0.016, -0.0133, 0.0272, 0.0485, 0.174, 0.0079, -0.1113, 0.4333, -0.0497, 0.0239, 0.098, -0.0376, 0.0348, -0.1154, 0.0586, -0.1807, 0.026, -0.212, 0.0365, 0.0433, 0.1046, -0.1393, -0.1276, 0.2228, 0.0177, -0.0166, 0.1205, 0.1135, -0.1949, 0.1053, -0.1157, -0.0228, -0.1633, -0.1568, 0.0066, -0.0343, 0.0815, 0.0479, -0.1006, -0.2058, -0.007, 0.0244, -0.1045, -0.0139, -0.1224, 0.0262, 0.0359, -0.0535, -0.0172, -0.0879, 0.0001, -0.0655, 0.0382, -0.1268, 0.1011, 0.1066, 0.2756, 0.1352, 0.2267, -0.0862, 0.1126, -0.0165, -0.0194, -0.1742, -0.0787, 0.3112, -0.0374, 0.1151, 0.1486, -0.0136, 0.1107, -0.094, -0.0997, 0.2048, -0.1151, 0.0202, -0.3166, -0.0255, 0.1959, 0.0123, 0.1148, 0.0217, -0.0042, 0.0687, -0.1099, -0.0831, -0.2034, -0.0645, -0.1732, -0.0628, -0.0281, -0.0172, 0.0614, 0.0079, 0.0722, 0.1046, -0.0265, 0.1176, -0.0415, 0.1247, 0.0268, -0.0938, -0.1088, -0.0193, -0.0849, -0.2922, 0.0062, 0.1574, -0.0683, 0.028, -0.0292, 0.0054, 0.2411, 0.0594, 0.0932, -0.1486, 0.2387, 0.0553, -0.1629, 0.0859, -0.0297, 0.0102, 0.067, -0.2318, 0.0492, -0.0052, -0.1436, 0.1511, 0.1038, 0.1202, 0.0243, 0.1661, -0.0808, -0.0137, 0.0752, 0.1136, -0.1096, 0.068, -0.188, -0.0342, -0.0704, 0.1321, -0.0981, -0.1739, -0.3032, 0.174, 0.1561, 0.0433, -0.1265, 0.1014, -0.1135, 0.1153, 0.0188, -0.2342, -0.0308, 0.0998, 0.0197, 0.1539, 0.1137, -0.0541, 0.2088, 0.0509, -0.0598, 0.0796, 0.05, 0.1131, 0.1608, -0.0445, 0.0144, 0.1069, 0.1126, -0.0312, -0.0247, 0.0172, -0.3713, 0.0152, -0.1321, 0.1197, -0.0726, 0.0013]",practical secrecy-preserving verifiably correct trustworthy auction
16,"[0.2706, -0.12135000000000001, 0.1305, 0.05735, 0.07045, 0.060950000000000004, 0.04189999999999999, 0.0863, 0.020050000000000002, 0.07585, 0.06715, 0.08425, 0.0011999999999999997, 0.00965, 0.0201, 0.19585, -0.22094999999999998, 0.0396, 0.0476, -0.10675000000000001, -0.1701, 0.028499999999999998, -0.12955, 0.11019999999999999, 0.1345, 0.009749999999999998, 0.20085, -0.02655, 0.025650000000000003, 0.12275, 0.09355, -0.066, 0.03265, -0.04425, 0.01245, -0.09715, -0.024499999999999997, -0.15215, 0.09895, -0.0855, 0.1095, 0.1091, -0.02785, -0.014249999999999999, -0.01925, 0.06054999999999999, 0.046450000000000005, 0.005599999999999999, 0.17895, -0.062, -0.11960000000000001, 0.1376, -0.79235, 0.06985000000000001, 0.11645, -0.0010500000000000023, 0.1111, -0.09345, 0.10255, 0.1839, -0.07295000000000001, -0.1144, 0.16385, -0.010250000000000002, -0.09135, -0.15100000000000002, 0.017499999999999998, 0.044399999999999995, -0.0040999999999999995, -0.1288, -0.0572, -0.0503, 0.03445, 0.17945, -0.0862, -0.06415, 0.17759999999999998, -0.06955, -0.1553, 0.06415, 0.012400000000000001, -0.0508, 0.12245, -0.1138, -0.03335, 0.08635, -0.00015000000000000083, 0.06735, -0.1274, -0.1216, 0.12085, 0.03635, -0.05134999999999999, 0.008800000000000002, 0.08895, 0.0636, -0.06609999999999999, 0.039150000000000004, 0.16205, -0.14705000000000001, -0.06335, -0.018099999999999998, 0.0578, -0.0745, -0.0868, -0.19970000000000002, 0.11230000000000001, 0.1142, -0.12825, -0.03715, -0.0363, -0.18964999999999999, -0.008649999999999998, -0.06589999999999999, 0.07645, -0.021650000000000003, 0.1738, 0.09085, 0.14, -0.16765, 0.22769999999999999, 0.09705, -0.049, 0.1154, -0.027500000000000004, 0.14335, -0.2041, -0.0062500000000000056, -0.1504, -0.03535, 0.1283, 0.03075, 0.04345, 0.0058, -0.0413, -0.1687, 0.013950000000000004, 0.1614, 0.1103, -0.01369999999999999, -0.1342, -0.0452, -0.17675000000000002, 0.20290000000000002, 0.0227, -0.10400000000000001, 0.01795, 0.0485, 0.06115, -0.025050000000000003, -0.0872, 0.029149999999999995, -0.04375, 0.12585000000000002, 0.02665, 0.05265, -0.1077, 0.09465, 0.05155, -0.12015, -0.031349999999999996, 0.0284, 0.012799999999999999, 0.084, 0.07015000000000002, 0.19255, 0.09455, 0.054700000000000006, 0.1824, 0.02545, 0.09820000000000001, -0.09295, -0.26455, -0.1001, 0.1984, 0.0692, 0.23305, 0.00505, 0.13490000000000002, 0.009749999999999998, -0.02805, 0.0051, 0.1017, 0.04404999999999999, -0.1553, 0.25955, -0.0463, -0.15815, 0.05075, -0.05085, -0.1015, -0.06709999999999999, -0.2311, 0.0394, 0.055650000000000005, 0.04765, -0.0878, -0.08760000000000001, 0.13515, 0.0659, 0.1323, 0.05925000000000001, -0.05985, -0.006899999999999996, -0.0245, 0.038799999999999994, -0.014249999999999999, 0.01785, -0.17275000000000001, -0.057999999999999996, 0.13449999999999998, -0.03845, -0.015300000000000001, -0.013899999999999996, -0.07894999999999999, 0.07869999999999999, 0.0654, -0.03405, -0.0279, -0.048249999999999994, -0.0645, 0.1445, 0.12925, 0.0015999999999999973, 0.028299999999999992, -0.30174999999999996, -0.08585, 0.028899999999999995, -0.0382, -0.10285000000000001, -0.0029, 0.07719999999999999, 0.1781, 0.11385, 0.069, -0.17735, -0.0317, -0.1703, -0.12490000000000001, 0.08465, -0.10475, -0.1054, -0.055150000000000005, -0.1547, -0.022649999999999997, 0.08360000000000001, -0.23255, 0.00605, 0.18455, 0.28885, -0.027350000000000003, 0.17605, -0.04605, -0.022549999999999994, -0.0292, 0.11245, -0.1432, 0.0639, 0.0016499999999999987, -0.0421, -0.013949999999999999, 0.058199999999999995, -0.0497, 0.12164999999999998, -0.22685, 0.04985, 0.11710000000000001, -0.0788, -0.0874, 0.08, -0.1054, 0.03705, -0.17600000000000002, -0.028550000000000006, -0.0009999999999999992, 0.01405, -0.097, 0.16615000000000002, 0.0187, -0.1169, 0.10905, -0.16455, -0.0138, 0.02555, 0.16494999999999999, 0.038250000000000006, 0.18675, -0.03235, 0.0574, 0.058899999999999994, 0.0521, -0.09179999999999999, -0.004950000000000003, 0.15994999999999998, -0.0669, 0.1598, -0.1481, 0.23660000000000003, -0.0908, 0.049049999999999996]",disc 20th anniversary invited talk provably unbreakable hyper-encryption using distributed system
15,"[0.1135, -0.02905, -0.038400000000000004, -0.04245000000000001, 0.1265, 0.044649999999999995, 0.02395, 0.1164, -0.010800000000000004, 0.03695, -0.048850000000000005, -0.10754999999999999, 0.04455, -0.0685, 0.045399999999999996, 0.013399999999999995, -0.029249999999999998, -0.0983, 0.0045000000000000005, -0.08755, -0.11515, -0.06935, -0.02665, -0.07225000000000001, -0.02515, 0.08685, 0.0496, -0.02205, 0.07055, -0.0025500000000000037, 0.1069, 0.04865, -0.025549999999999996, 0.009299999999999996, 0.10665, -0.009199999999999998, -0.010350000000000002, 0.010150000000000001, -0.0662, 0.01465, 0.012699999999999996, 0.005099999999999999, -0.21725, -0.0039000000000000007, -0.18095, -0.02865000000000001, -0.07735, -0.06185, 0.0479, 0.007749999999999998, -0.12265000000000001, -0.0393, -0.7542500000000001, -0.01055, -0.01515, 0.027999999999999997, -0.05464999999999999, 0.0361, -0.09855, -0.04745, 0.046450000000000005, -0.0627, 0.0040999999999999995, 0.00605, -0.0327, -0.23625, -0.00235, 0.023849999999999996, 0.18085, 0.05395, -0.05445, -0.024550000000000002, 0.050550000000000005, 0.16185000000000002, 0.02815, -0.03655, -0.07475, -0.01605, -0.0565, 0.14355, 0.16444999999999999, -0.026299999999999997, -0.0184, -0.14365, -0.0519, 0.09620000000000001, 0.01985, -0.1696, 0.1789, 0.0349, 0.13135, 0.06105, -0.010349999999999998, 0.056150000000000005, 0.0137, -0.04675000000000001, -0.0726, -0.0108, 0.1071, -0.1747, -0.11165, -0.0506, -0.020450000000000003, 0.0049999999999999975, -0.00625, 0.016399999999999998, 0.11925, 0.0432, -0.0326, -0.04145, 0.024500000000000008, -0.101, 0.1531, 0.015099999999999999, 0.0764, 0.09634999999999999, -0.059449999999999996, 0.11180000000000001, -0.09240000000000001, -0.18225, -0.08410000000000001, 0.0832, 0.004200000000000001, 0.1227, -0.23565, 0.131, -0.0826, -0.011950000000000002, -0.018250000000000002, 0.07575, 0.025500000000000002, 0.10704999999999999, 0.14275, -0.0366, 0.05325, -0.3003, -0.042300000000000004, 0.0412, -0.12265000000000001, 0.0127, 0.009399999999999999, -0.00485, -0.05075, 0.1918, 0.013250000000000001, 0.035750000000000004, 0.12004999999999999, -0.0447, 0.022850000000000002, -0.0196, -0.1267, -0.13525, 0.02155, 0.05645, 0.0295, 0.17445, 0.03515, 0.11605000000000001, -0.012400000000000001, -0.011949999999999999, 0.03105, 0.0545, 0.057499999999999996, 0.21155000000000002, 0.035300000000000005, 0.001349999999999997, 0.10644999999999999, -0.0637, 0.03534999999999999, 0.012249999999999999, 0.13835, -0.0932, -0.14315, 0.06255, -0.0179, -0.03705, 0.278, 0.0308, 0.00020000000000000226, 0.09485, 0.006749999999999999, 0.1099, 0.0538, 0.10405, 0.05215, 0.01285, 0.0506, -0.0448, 0.04505000000000001, 0.04315, -0.11035, -0.009399999999999999, -0.0386, -0.04165, 0.1223, -0.08449999999999999, -0.0561, -4.999999999999449e-05, 0.1627, 0.1318, 0.12505, 0.19495, 0.05715, 0.0044500000000000026, -0.05895, -0.012200000000000003, 0.13440000000000002, 0.04345, -0.0615, 0.1412, 0.02475, 0.0978, -0.0745, 0.09495, -0.08395, -0.05224999999999999, 0.0674, -0.12195, -0.0582, -0.0461, -0.02145, -0.07035, -0.06735, 0.09165000000000001, 0.0033500000000000023, -0.13090000000000002, 0.0007999999999999986, -0.06175, -0.047850000000000004, -0.0722, 0.016100000000000003, 0.0052, 0.20775, -0.00935, 0.0076999999999999985, -0.04985, -0.1049, -0.24165, -0.1928, 0.07755, 0.025300000000000003, -0.021100000000000004, -0.07325, -0.0531, -0.0157, -0.0522, -0.021, -0.013799999999999998, 0.0218, 0.3749, -0.0297, 0.12895, 0.09315, -0.0075, -0.1391, 0.12915, 0.037200000000000004, 0.026, -0.0911, -0.04455, -0.005549999999999999, 0.07304999999999999, -0.13535, -0.0429, -0.1169, -0.08405, 0.04435, 0.021950000000000004, -0.2299, -0.0313, 0.0517, -0.0183, -0.0761, 0.031849999999999996, -0.1056, 0.03214999999999999, 0.0743, -0.0022999999999999995, 0.06509999999999999, 0.008, -0.1348, 0.08485, -0.09365, -0.029050000000000003, 0.007750000000000007, -0.1237, -0.0014500000000000001, -0.04745, -0.0273, 0.013999999999999999, 0.07115, 0.0101, -0.1132, -0.003599999999999992, -0.06495000000000001, 0.008049999999999998, -0.020249999999999997, 0.15115, 0.04625, -0.08065]",hyper encryption everlasting secret
14,"[0.0661, -0.059, 0.0593, 0.0284, 0.0487, 0.0099, 0.2143, 0.1279, -0.089, -0.0038, 0.1031, 0.1297, 0.0262, 0.0806, -0.1237, 0.0462, -0.0869, -0.087, 0.0624, 0.031, -0.0136, 0.0894, 0.0225, 0.1653, 0.1079, 0.1681, 0.0511, -0.0299, 0.0092, 0.103, 0.0685, -0.0311, -0.0618, 0.0299, 0.0917, 0.0923, 0.0699, -0.0558, -0.0424, 0.0072, -0.0669, -0.0593, 0.1417, -0.1198, -0.1227, 0.0247, -0.1236, -0.0127, 0.16, 0.0717, -0.0645, 0.1899, -0.5835, -0.1218, 0.144, 0.0955, -0.0134, -0.0816, -0.0841, -0.0175, -0.0216, 0.0003, -0.0661, 0.0871, 0.0011, -0.0757, -0.0532, 0.055, 0.0681, -0.0065, -0.0359, -0.0114, -0.0967, 0.2658, 0.0047, -0.106, 0.0653, -0.0834, -0.1291, 0.2071, -0.0053, 0.0743, 0.0768, -0.2519, -0.048, 0.1085, -0.0386, 0.0046, -0.3759, 0.1324, 0.1935, 0.0638, -0.1391, 0.051, 0.0436, 0.0526, 0.0621, -0.0424, -0.0112, 0.0639, -0.0838, -0.0923, -0.0405, 0.1003, 0.0705, -0.1166, 0.0084, 0.1821, 0.0159, -0.0356, -0.0739, -0.0116, -0.1804, -0.0245, 0.0759, 0.0227, 0.055, 0.0177, -0.0653, -0.3022, -0.0239, -0.1254, -0.0377, 0.1135, 0.0705, 0.1422, -0.0859, 0.1143, -0.1646, 0.0949, -0.0594, -0.1115, 0.0878, 0.1035, 0.0214, -0.2292, 0.0703, -0.0318, -0.0267, -0.0235, 0.02, 0.0326, 0.1043, 0.2302, -0.0522, 0.0847, 0.0752, 0.1179, 0.026, -0.0219, 0.0004, 0.0406, -0.0246, 0.085, 0.0224, -0.0436, -0.1453, -0.0061, 0.035, -0.0632, 0.1377, 0.1415, -0.1467, -0.0369, -0.2506, 0.0463, 0.0615, -0.0048, 0.1434, 0.0355, -0.1123, 0.0732, 0.0274, -0.0382, 0.2012, 0.0381, 0.189, -0.1388, 0.0228, 0.0015, 0.1374, -0.0478, 0.0836, 0.156, -0.0754, 0.0538, -0.1023, -0.0085, 0.1129, 0.0389, -0.0641, -0.1112, -0.0579, -0.0152, -0.0088, 0.1029, 0.016, -0.1476, 0.2608, 0.0103, -0.0968, -0.0193, -0.0659, -0.0285, -0.0797, 0.0851, -0.1396, -0.1074, -0.0719, 0.1326, -0.1194, 0.0467, 0.0584, 0.0937, 0.0199, 0.0465, -0.0977, 0.0002, -0.0127, 0.1045, 0.0634, 0.0902, 0.0699, 0.0386, -0.0112, -0.1332, -0.0695, 0.0858, -0.1601, -0.0398, -0.0528, -0.0705, 0.2373, 0.1801, -0.0583, -0.025, -0.0883, -0.0626, -0.2013, 0.08, -0.0865, -0.0838, 0.1113, -0.0384, -0.0036, 0.0193, -0.2706, -0.0953, 0.075, 0.3107, -0.0432, -0.0801, -0.1066, -0.0191, 0.0422, 0.096, -0.1065, 0.0273, 0.0176, -0.0582, -0.1079, 0.0789, -0.0297, 0.0414, -0.3042, 0.0935, 0.0741, -0.0126, 0.019, -0.0509, -0.0223, 0.0073, -0.0425, -0.0505, 0.0756, 0.1577, -0.0105, 0.0131, -0.0909, 0.0216, 0.2924, -0.0338, -0.0332, 0.013, -0.0899, 0.0537, 0.0469, 0.01, -0.1564, 0.1072, -0.0116, -0.0913, 0.1891, 0.0059, -0.04, 0.01, 0.0377, 0.1443, 0.1013, -0.0113]",information theoretically secure communication limited storage space model
13,"[-0.0077, -0.1512, -0.0252, -0.0086, 0.1226, -0.2489, -0.0075, 0.07, -0.1123, 0.0244, -0.1065, -0.01, 0.0072, 0.0108, 0.0157, -0.1642, -0.0768, -0.0479, -0.2376, 0.1489, 0.0575, 0.0855, 0.0026, 0.305, -0.0105, 0.0143, -0.0389, -0.067, 0.0638, 0.0033, -0.1265, -0.0264, -0.0204, 0.1038, -0.0319, 0.0147, 0.0961, -0.0224, -0.0234, -0.0742, 0.0226, 0.0289, -0.0935, -0.1662, -0.1984, -0.0372, -0.0022, -0.0159, 0.0163, -0.0877, -0.0919, 0.0614, -0.684, 0.0156, 0.1384, -0.0322, -0.0946, 0.1515, -0.2688, 0.0641, -0.0637, 0.0391, 0.0351, 0.0893, -0.1045, -0.1493, 0.0486, 0.0138, 0.1392, 0.0188, -0.0705, 0.1498, 0.1079, 0.1719, 0.0148, -0.1877, -0.0787, 0.0107, -0.0397, 0.0513, 0.0289, -0.009, -0.0726, -0.1563, -0.0308, 0.1078, 0.0013, 0.1258, -0.1318, 0.0359, 0.0856, 0.0514, -0.1098, 0.0458, 0.0334, -0.0966, -0.0656, -0.0085, -0.0851, 0.0129, -0.2245, -0.0484, -0.0404, -0.0054, -0.2932, -0.117, 0.1673, 0.0709, 0.0584, -0.1257, 0.0932, 0.0903, 0.0048, -0.0581, -0.1922, -0.0086, 0.019, -0.0405, -0.0252, -0.2407, -0.0413, -0.1479, -0.0103, 0.1788, -0.322, 0.2424, -0.0661, 0.0314, 0.0443, -0.0875, 0.084, 0.0483, 0.0002, -0.0889, -0.0921, -0.3533, 0.0126, 0.0641, -0.1561, 0.0953, 0.0819, -0.1058, 0.0744, 0.2503, 0.0603, -0.0705, -0.0348, -0.1381, 0.1747, -0.0949, 0.0456, 0.085, 0.0855, -0.104, 0.0072, 0.0319, 0.0325, 0.0379, -0.1713, -0.0882, 0.0312, 0.0773, 0.0813, 0.1398, 0.1848, 0.0038, 0.0417, -0.1269, -0.043, -0.2085, 0.2442, -0.0517, 0.1221, 0.044, -0.1336, 0.0205, 0.2788, 0.205, -0.1601, -0.0354, -0.1306, -0.1561, -0.0604, -0.0442, 0.0309, 0.2266, -0.0607, -0.1709, 0.369, -0.0779, -0.0422, 0.0809, 0.0243, -0.0424, 0.0793, 0.0484, 0.0059, 0.0326, 0.1587, 0.1611, 0.0158, 0.0697, -0.0156, -0.0109, 0.0316, 0.0219, -0.0782, 0.119, 0.0202, -0.025, 0.1175, 0.0046, 0.0845, 0.0388, -0.0467, -0.1726, 0.1295, 0.16, -0.0095, -0.213, -0.1227, 0.0555, -0.0683, -0.0051, 0.0471, -0.1766, -0.0003, 0.1144, -0.0076, 0.016, -0.0823, 0.1037, 0.2663, -0.0623, -0.0431, -0.0007, -0.0444, -0.0463, -0.215, -0.0997, -0.0786, 0.0348, 0.0186, 0.0357, 0.0097, -0.0371, -0.0971, -0.0036, 0.0614, 0.3875, 0.1043, 0.0391, -0.1758, 0.0397, -0.202, -0.0666, -0.1329, -0.0266, 0.1029, -0.0863, 0.07, -0.03, -0.0726, -0.1209, 0.132, -0.0134, -0.0117, 0.0231, -0.1116, -0.182, -0.0038, 0.0009, 0.1016, -0.0058, -0.0582, 0.0054, 0.0465, 0.0919, -0.0169, 0.0321, -0.1486, 0.0182, -0.0448, -0.0075, 0.0716, -0.0276, 0.1079, -0.0141, -0.0756, -0.0716, -0.095, 0.0962, -0.0591, -0.038, -0.1192, -0.1727, 0.0748, 0.209, 0.1695, 0.0793]",authentication enhanced security error correcting code extended abstract
13,"[-0.0351, -0.1282, 0.1396, -0.0176, -0.2091, 0.0095, -0.0629, 0.069, -0.177, -0.0631, -0.1097, 0.0232, -0.0642, -0.0316, 0.0965, -0.239, -0.0107, -0.0494, -0.1139, -0.0259, -0.0738, 0.0129, -0.056, 0.0155, -0.0553, 0.0134, 0.0572, -0.1246, 0.0326, 0.1356, -0.0915, 0.1421, -0.1692, -0.0922, 0.1041, -0.0496, -0.2044, -0.0573, 0.0185, 0.0548, 0.1482, -0.0011, -0.0234, 0.0689, -0.3023, -0.1159, -0.0417, 0.0087, -0.0862, 0.1665, -0.0863, 0.02, -0.8445, 0.1309, 0.1211, -0.0374, -0.0319, -0.2021, 0.0459, -0.061, -0.236, 0.1, 0.1461, -0.0246, -0.1966, -0.017, 0.0863, -0.0434, 0.1339, -0.2099, 0.1677, 0.0421, 0.1623, 0.0729, 0.0647, -0.1463, -0.0059, 0.0679, 0.0943, 0.0727, -0.0324, 0.1469, 0.1137, -0.2403, -0.099, 0.0895, -0.1225, 0.0514, 0.1077, 0.1273, -0.2222, 0.1454, 0.0125, 0.0691, -0.0166, 0.086, 0.2133, -0.0791, -0.2912, -0.2071, -0.0839, -0.202, -0.1912, -0.0156, 0.1059, -0.0602, 0.0721, -0.0039, -0.0669, 0.0008, 0.0391, -0.15, 0.0804, 0.258, -0.0504, 0.1181, -0.0496, -0.0515, -0.0839, -0.1958, -0.0375, -0.01, 0.0301, 0.1224, 0.0082, 0.1231, 0.0269, 0.2415, 0.0074, -0.004, -0.1256, -0.039, -0.0047, -0.1738, 0.0581, -0.1624, -0.0843, 0.1134, -0.1129, 0.1556, 0.0639, -0.1131, -0.0565, 0.1585, -0.1101, -0.0751, 0.0314, -0.051, 0.1947, 0.0561, 0.0263, -0.0638, 0.1649, 0.0907, -0.0019, -0.2373, 0.0678, 0.2406, 0.0211, -0.0284, 0.1515, 0.1243, 0.1632, -0.0794, -0.0976, -0.1317, 0.0208, -0.0379, 0.1214, 0.0324, 0.2531, -0.1371, 0.0895, 0.0337, -0.1522, -0.0218, 0.1493, -0.0537, -0.0092, -0.1691, 0.1253, 0.213, -0.1109, -0.1381, 0.07, -0.3084, 0.0818, -0.0946, 0.1098, -0.0563, -0.0536, 0.1186, -0.0223, -0.0722, -0.0934, -0.1212, -0.1115, 0.1412, 0.1036, 0.237, -0.0431, -0.0485, 0.0648, 0.1753, -0.095, -0.0965, -0.1699, 0.1193, 0.0051, -0.1125, 0.1242, 0.0672, 0.2382, 0.0127, 0.0973, 0.0111, 0.2204, 0.0454, -0.1771, -0.0082, 0.1413, -0.0823, 0.189, 0.1601, 0.1066, -0.2281, -0.1095, -0.0328, 0.007, -0.1981, -0.0556, -0.104, 0.1362, 0.0581, -0.1589, -0.2001, 0.1259, 0.0809, -0.0488, -0.0065, -0.0795, 0.1362, 0.09, 0.093, -0.0698, -0.092, -0.0131, 0.154, -0.0365, 0.368, -0.054, -0.1356, -0.2365, -0.161, -0.0741, 0.2305, 0.0409, 0.0658, 0.0072, 0.1313, -0.1604, 0.0095, -0.2644, -0.1122, 0.0916, 0.0127, -0.0513, 0.0844, -0.1882, -0.0344, 0.0698, 0.0083, 0.0184, 0.0524, -0.0161, -0.0972, 0.1382, 0.0989, 0.1202, 0.0293, -0.1096, -0.1186, -0.0696, -0.123, -0.0063, -0.0501, -0.1666, 0.1832, -0.1276, 0.087, -0.117, -0.031, 0.0584, -0.0985, 0.0379, 0.0607, 0.0201, 0.2529, -0.0182, 0.1128]",simplified v fast-track multiparty computation application threshold cryptography
12,"[-0.1249, 0.1226, 0.0421, -0.0487, 0.1939, 0.0184, -0.0313, -0.0343, 0.0553, 0.0359, -0.1517, -0.1364, 0.0297, 0.0943, 0.0087, 0.08, 0.1444, -0.0557, -0.0705, -0.0341, -0.3112, -0.1093, 0.1069, 0.149, -0.0405, -0.0395, -0.1177, 0.0372, -0.0564, 0.0333, 0.2323, 0.0178, 0.0066, -0.0003, -0.0889, 0.1281, -0.1163, 0.0264, 0.0327, -0.1219, -0.0169, -0.1008, -0.0408, 0.0845, -0.0043, -0.1685, 0.0512, 0.0039, -0.0514, 0.0869, -0.089, -0.0953, -0.6847, 0.1301, 0.0041, -0.1263, 0.2106, -0.0683, -0.0937, 0.1203, 0.3155, -0.0003, 0.0401, 0.1009, 0.0375, -0.0751, 0.1251, 0.0555, -0.0348, -0.0884, -0.3172, 0.084, -0.0108, 0.1065, 0.0117, -0.148, 0.1089, 0.141, 0.109, -0.0749, 0.0113, -0.1636, 0.0501, -0.2848, -0.1538, 0.1295, -0.0935, 0.1853, 0.1865, 0.0703, -0.1881, 0.0223, -0.2111, -0.042, 0.0487, -0.0271, 0.1214, 0.0937, 0.1566, -0.1806, 0.0227, 0.1775, 0.0623, -0.1564, 0.0725, 0.0573, -0.1673, 0.1272, -0.1407, -0.0136, -0.0017, 0.0843, 0.1014, 0.026, -0.1219, 0.0149, -0.0638, -0.2594, -0.3364, -0.4129, 0.0601, 0.0513, -0.1505, -0.0655, -0.0193, -0.0121, 0.0425, -0.135, -0.0692, -0.0574, -0.0443, -0.0067, -0.0401, 0.1857, -0.0197, 0.1058, -0.1235, -0.1375, -0.023, 0.0406, 0.0194, 0.0468, -0.235, 0.0333, 0.0883, 0.0328, -0.193, 0.1523, -0.0066, -0.0256, -0.039, -0.0626, 0.041, 0.2151, -0.0188, 0.0256, -0.1739, -0.0618, -0.0132, 0.0251, 0.058, -0.0372, -0.1314, -0.0035, 0.0511, -0.0618, 0.0465, 0.0784, -0.0062, -0.1268, -0.1455, -0.1271, -0.0706, -0.0156, -0.0002, -0.082, 0.2866, -0.0881, 0.0876, 0.1839, -0.0347, 0.0887, -0.0051, 0.0033, 0.121, -0.082, 0.0464, 0.0375, -0.2368, -0.0451, -0.0315, 0.0034, -0.0367, -0.0323, -0.0818, 0.0937, -0.0138, 0.1563, 0.0937, -0.0166, 0.03, -0.0321, -0.1966, -0.1947, 0.0558, 0.0026, -0.1864, -0.0193, -0.1905, 0.0991, 0.0162, -0.0359, 0.0044, -0.073, -0.1318, 0.0949, -0.0047, 0.1589, -0.2328, 0.0265, -0.0322, -0.0336, 0.0102, 0.1983, 0.0652, -0.2382, 0.129, -0.1343, 0.0332, -0.0512, -0.0687, 0.0735, 0.2856, 0.0917, -0.0763, -0.1131, -0.1608, 0.0004, -0.2202, 0.1545, -0.0954, -0.0228, -0.0962, -0.0108, 0.0661, -0.0517, -0.0392, -0.1303, -0.0224, 0.3916, -0.1405, -0.107, -0.2339, -0.199, -0.1389, 0.0307, -0.1131, 0.0362, -0.0759, 0.0716, 0.1142, 0.0154, -0.2002, -0.1731, -0.4346, -0.0081, -0.0569, -0.1049, -0.0579, 0.0438, -0.0481, 0.0658, 0.0359, -0.1204, 0.2042, 0.1767, 0.047, 0.3607, -0.0297, 0.191, 0.0032, 0.0292, 0.0718, 0.0705, -0.1354, -0.2672, 0.0682, -0.0001, -0.0363, -0.0301, 0.0022, 0.0025, -0.0689, 0.1532, 0.0177, -0.0529, -0.0773, -0.0406, 0.0856, -0.0881]",dna2dna computation potential killer app
11,"[0.0846, -0.0278, 0.1023, 0.2724, -0.1518, -0.0173, -0.0885, -0.0045, -0.1061, 0.1702, 0.3661, -0.0182, 0.1413, 0.214, 0.0423, 0.2509, -0.3557, -0.0445, 0.1626, 0.0257, -0.4395, 0.1525, 0.0232, 0.0863, -0.0899, 0.1597, -0.104, -0.2568, -0.3296, 0.0732, 0.2145, -0.0574, 0.071, 0.1288, -0.0517, 0.0505, -0.1354, 0.006, 0.0996, 0.1214, -0.0521, -0.1338, 0.1608, 0.0642, 0.1085, -0.011, -0.0709, -0.0731, 0.0131, 0.2975, -0.1019, -0.1047, -0.9551, 0.0209, 0.0176, 0.2317, -0.0707, -0.0468, -0.0521, 0.0445, -0.0239, 0.1586, -0.0064, 0.1918, -0.0953, -0.2414, -0.0816, -0.0949, 0.1538, -0.0227, -0.0629, 0.0361, 0.0042, 0.2406, 0.0345, -0.2672, 0.0205, -0.0697, -0.329, 0.35, -0.0216, 0.0599, 0.0134, -0.1731, 0.1258, -0.08, 0.0371, 0.1443, -0.1561, -0.2143, 0.0705, 0.1283, 0.1068, 0.1874, 0.0751, 0.2775, -0.0496, -0.0707, 0.0251, -0.0438, -0.1133, -0.0033, -0.0203, 0.2404, 0.0147, -0.2128, 0.1236, 0.111, -0.017, 0.1096, 0.1032, -0.5388, -0.1432, -0.0922, 0.1203, 0.051, -0.0384, 0.0017, -0.0453, 0.0984, 0.1799, -0.0664, -0.0172, 0.2114, 0.0621, 0.1676, -0.1828, 0.2257, -0.2073, 0.0108, 0.1343, 0.1058, 0.2762, 0.0364, -0.0156, -0.0414, -0.1453, 0.0124, -0.0542, 0.1316, 0.2435, -0.1323, -0.0462, 0.215, 0.0377, 0.0233, 0.0123, 0.1041, 0.0375, -0.1496, -0.0241, 0.0771, 0.1218, 0.1079, 0.2189, 0.0403, -0.2629, -0.0191, 0.0418, 0.0303, 0.2979, 0.0668, 0.0417, -0.0727, -0.1412, 0.126, 0.0191, -0.1743, 0.1583, 0.0337, 0.0591, 0.0551, -0.1041, -0.0947, -0.1015, -0.0694, 0.3219, -0.1323, 0.1052, -0.0148, -0.1159, -0.0372, 0.1926, 0.13, -0.1853, 0.3821, -0.0625, 0.0055, -0.2193, 0.0083, 0.0076, -0.0886, -0.0977, -0.0945, -0.1356, 0.0789, 0.0615, 0.1594, 0.1878, -0.1608, 0.2382, 0.1616, -0.042, -0.0892, 0.0931, 0.1895, -0.1299, -0.0516, -0.0491, 0.2242, -0.1579, -0.1124, 0.1441, 0.0126, 0.1398, 0.1398, -0.0129, -0.1126, -0.0744, 0.1064, -0.0066, -0.0509, 0.0867, 0.1484, -0.0471, -0.39, -0.1307, -0.1528, 0.0468, 0.0821, 0.0397, -0.0419, 0.062, 0.1023, -0.1985, 0.0677, 0.0454, -0.2968, -0.1552, 0.1292, -0.0755, -0.1394, 0.0388, -0.162, 0.1951, 0.1305, -0.0517, 0.0346, -0.1069, 0.2316, 0.06, 0.0374, -0.0838, -0.0791, -0.0256, -0.0198, -0.2349, 0.0462, 0.0125, 0.0672, -0.5195, 0.0271, -0.1578, 0.2062, -0.5794, -0.0073, 0.0089, -0.0926, 0.0771, -0.233, -0.0768, 0.1005, 0.1825, -0.0288, -0.2438, -0.0081, 0.2066, -0.0287, 0.0182, -0.2211, 0.0093, 0.3578, -0.1851, 0.0999, 0.1239, -0.2, -0.0698, -0.1812, 0.027, 0.0864, 0.2464, -0.0472, -0.1794, 0.3112, -0.3646, 0.2201, 0.0044, 0.255, -0.0026, -0.106]",computationally hard algebraic problem extended abstract
10,"[0.0993, 0.0418, -0.10985, -0.029700000000000004, -0.12155, 0.006450000000000004, 0.03625, 0.15814999999999999, -0.07289999999999999, 0.10605, -0.10379999999999999, 0.022250000000000002, 0.06484999999999999, -0.18015, 0.12085, 0.0868, 0.015550000000000001, 0.0964, 0.18375, -0.05855, -0.22365000000000002, -0.13785, 0.011, -0.0819, 0.095, -0.04975, 0.06605, 0.04815, -0.0738, 0.1011, -0.00285, -0.00915, -0.1202, 0.0669, -0.08810000000000001, -0.151, -0.16785, -0.02345, -0.07919999999999999, -0.06094999999999999, 0.17265, 0.0286, 0.2074, 0.015449999999999998, 0.12769999999999998, 0.0262, 0.13805, -0.12209999999999999, 0.02995, -0.0405, 0.06155000000000001, -0.006899999999999996, -0.6702999999999999, -0.14885, 0.1278, 0.14325, -0.016450000000000003, 0.02115, -0.018699999999999998, -0.004250000000000002, -0.06409999999999999, -0.0649, 0.0821, -0.013650000000000002, -0.09605, 0.1469, -0.01075, -0.039599999999999996, -0.04495, 0.17315000000000003, -0.05835, 0.0034999999999999996, -0.03155, 0.022600000000000002, -0.17195, 0.1359, -0.0029, -0.002950000000000008, -0.0631, 0.03435, 0.014499999999999999, 0.008199999999999999, 0.22105000000000002, -0.21815, 0.13145, -0.023, -0.21805000000000002, -0.0665, 0.17024999999999998, 0.052450000000000004, -0.062049999999999994, 0.0545, -0.0425, -0.006850000000000002, -0.13235, -0.0632, 0.04730000000000001, -0.0316, -0.053349999999999995, 0.019950000000000002, -0.1502, 0.15545, 0.0738, -0.047999999999999994, 0.018849999999999992, -0.08155, -0.07545, 0.02825, 0.1565, 0.020100000000000003, -0.0426, 0.0137, -0.0514, -0.052750000000000005, 0.058649999999999994, -0.1753, 0.0294, -0.0245, -0.08120000000000001, -0.33255, -0.09825, 0.036199999999999996, -0.14229999999999998, 0.0284, 0.1276, 0.17795, 0.021249999999999998, 0.03314999999999999, 0.020599999999999997, -0.0049, 0.06425, 0.0521, 0.2121, 0.1768, -0.0052, 0.02515, 0.17015000000000002, -0.0141, 0.0942, 0.097, -0.0622, -0.009000000000000001, -0.15034999999999998, 0.1065, 0.185, 0.0455, -0.041299999999999996, 0.0512, 0.008899999999999998, 0.0124, 0.032799999999999996, 0.03835, -0.11955, 0.053149999999999996, -0.024149999999999998, 0.0422, -0.053, 0.0745, -0.1535, -0.10105, -0.08715, -0.07195, -0.0484, 0.010299999999999997, 0.045450000000000004, -0.09145, 0.0598, 0.037250000000000005, 0.05675, 0.0017000000000000001, 0.061349999999999995, -0.029399999999999996, -0.13615, 0.0924, 0.07625000000000001, -0.0215, 0.23945, -0.24625, 0.0011999999999999927, 0.0269, -5.000000000000143e-05, -0.1461, 0.01005, -0.043550000000000005, -0.07535, -0.07095, -0.08725, 0.04710000000000001, -0.12935, 0.101, -0.04015, 0.09624999999999999, 0.15064999999999998, -0.0635, 0.04625, 0.13745, -0.0031000000000000003, -0.0645, 0.16365000000000002, 0.022649999999999997, 0.13135, 0.0519, 0.1146, -0.0188, -0.1185, 0.1025, 0.00825, -0.0561, 0.19724999999999998, 0.1496, -0.044050000000000006, -0.004600000000000003, -0.022650000000000003, 0.05885, 0.0038, -0.1031, 0.08155, -0.07835, -0.08665, -0.12935, 0.1356, -0.12345, -0.0429, 0.1033, 0.06645000000000001, -0.12855, -0.11149999999999999, -0.10265, 0.0499, -0.1208, -0.1219, -0.11335, 0.3313, -0.12245, -0.221, -0.05695, -0.09965, 0.055099999999999996, -0.2273, -0.036449999999999996, -0.1517, -0.008900000000000002, -0.03435, 0.04815, -0.048549999999999996, 0.16895, -0.09975, 0.1994, -0.06305, 0.36365000000000003, 0.10220000000000001, -0.0257, -0.1021, -0.035, -0.07145, -0.000899999999999998, -0.16255, 0.006900000000000003, -0.09265000000000001, -0.016749999999999994, -0.1633, 0.12085, -0.00945, -0.12279999999999999, -0.32865, 0.09215, -0.1237, -0.12955, -0.15345, -0.12275000000000001, 0.1572, 0.13335, -0.1005, -0.03975, -0.04355, 0.1073, -0.11365, 0.025500000000000002, 0.11829999999999999, -0.0283, 0.04845, 0.10045, 0.10765, 0.0288, -0.12455, -0.12645, -0.10314999999999999, 0.0743, -0.07485, 0.11680000000000001, 0.06825, -0.03225, 0.03125, 0.11065, 0.19640000000000002, 0.0339, 0.06035, 0.018300000000000004, 0.1663, 0.05325]",lottery unique winner
9,"[-0.239, -0.1945, -0.1296, 0.155, 0.0462, 0.0633, 0.1353, -0.0251, 0.0813, 0.1082, -0.1086, 0.1532, 0.0282, 0.0082, 0.1895, -0.0365, 0.035, -0.0165, 0.0673, -0.3327, -0.3544, -0.084, -0.0072, 0.1904, -0.0298, 0.1154, -0.0582, 0.0623, 0.2625, -0.097, 0.2829, 0.105, -0.1661, -0.1429, 0.0761, -0.0971, 0.1129, 0.0373, 0.2653, 0.237, 0.0513, -0.0323, 0.0745, 0.1844, 0.0194, -0.3331, 0.0737, -0.3494, -0.023, 0.0264, -0.3722, -0.1227, -0.8302, 0.2959, -0.054, -0.349, -0.0275, 0.1615, 0.2448, 0.1738, 0.0375, 0.2142, 0.1309, 0.2858, 0.3582, 0.13, -0.0118, -0.0403, -0.4196, -0.1457, 0.019, 0.0364, -0.0441, -0.0106, -0.0965, 0.1685, -0.3803, -0.2723, 0.0952, -0.2076, -0.0828, 0.0523, 0.1955, -0.2619, 0.0774, 0.2257, -0.0653, 0.0856, 0.2292, 0.2164, -0.0519, -0.0816, 0.0912, -0.166, 0.1097, 0.0879, 0.0148, -0.0982, -0.129, -0.1046, 0.1613, -0.3619, -0.2422, -0.1509, 0.1791, 0.1348, -0.1884, 0.1484, -0.2223, 0.2078, -0.0695, 0.0749, 0.1928, 0.0604, 0.0702, 0.027, 0.1199, 0.023, -0.1375, -0.3436, -0.0788, 0.2169, 0.1036, 0.0066, 0.0272, -0.1023, -0.0451, 0.1021, -0.1422, 0.1563, 0.0162, -0.1488, 0.216, -0.2161, 0.173, 0.1888, -0.1208, 0.0909, -0.2133, -0.0414, 0.0194, 0.148, 0.0133, 0.0179, 0.0414, -0.1714, -0.0624, 0.1704, -0.1351, -0.267, -0.0162, 0.051, 0.0509, -0.0006, 0.0071, -0.1305, 0.1676, -0.0699, -0.206, -0.0669, -0.1101, -0.0407, 0.083, -0.1034, 0.0637, 0.3454, 0.0234, 0.0422, -0.1242, -0.2301, -0.1423, 0.0153, -0.3071, -0.153, 0.2638, -0.2538, 0.1947, -0.1028, -0.002, -0.1392, 0.1044, 0.2398, 0.1324, -0.1117, 0.0504, -0.2152, -0.155, -0.1754, -0.2749, -0.0593, 0.0824, -0.2077, 0.165, 0.162, 0.122, -0.0397, 0.0623, 0.0985, 0.1467, 0.0277, -0.0683, 0.0906, -0.055, 0.0277, 0.1698, 0.0981, 0.0357, -0.0721, 0.1072, -0.2598, 0.104, 0.0387, -0.2346, 0.1738, -0.0692, 0.336, -0.2228, 0.2987, -0.0119, -0.1048, -0.0396, -0.0424, -0.0031, -0.2515, -0.0744, -0.3036, -0.0533, -0.1799, 0.0894, -0.0546, -0.1372, 0.1154, 0.2157, 0.0059, -0.0614, -0.0343, 0.0668, -0.1117, -0.167, 0.0526, -0.127, 0.0954, -0.1015, -0.1844, 0.0649, 0.2524, 0.1863, 0.0232, -0.2508, 0.2701, 0.1034, 0.0007, 0.0263, -0.1266, -0.1879, -0.0804, 0.1755, -0.0159, 0.0888, 0.0179, 0.0533, 0.2225, 0.1458, 0.0536, -0.5628, -0.1204, 0.0602, -0.171, -0.1477, -0.1198, 0.1952, 0.0359, -0.3041, -0.0203, -0.0497, -0.01, -0.0523, 0.3344, -0.0548, 0.1084, -0.0132, 0.0022, 0.2578, 0.0461, -0.0173, -0.1167, 0.0011, -0.1068, -0.0986, -0.0494, 0.29, 0.189, -0.2356, -0.0939, 0.2601, 0.1818, -0.056, 0.0415, 0.126, -0.0139]",clock construction fully asynchronous parallel system pram simulation
8,"[-0.0458, -0.0292, -0.0174, 0.0827, -0.0263, -0.054, -0.0951, -0.0245, 0.0208, -0.0053, -0.0428, -0.0245, -0.0627, 0.0577, 0.0663, -0.0375, -0.0889, 0.0303, -0.1688, 0.031, -0.0352, 0.0822, 0.0578, 0.0012, -0.0955, 0.0207, -0.1405, -0.0732, -0.055, 0.0692, 0.0704, 0.0237, 0.0598, -0.0697, -0.0753, -0.0537, 0.1461, 0.0052, -0.0472, -0.0861, -0.0978, -0.0483, 0.0476, 0.1033, 0.0955, 0.0405, 0.0441, -0.0238, 0.0285, 0.1137, -0.0462, 0.0095, -0.8373, 0.0523, 0.0322, 0.0088, -0.0361, -0.0724, -0.0607, 0.0961, 0.0152, 0.1325, -0.0506, 0.0842, -0.1352, -0.1254, -0.0792, -0.0835, 0.09, -0.0123, 0.1141, -0.006, -0.0695, 0.0941, 0.0609, -0.0594, 0.012, -0.0667, 0.025, -0.088, -0.0395, -0.0631, 0.0588, -0.0401, -0.1117, -0.0683, 0.1094, 0.0733, 0.11, 0.0834, 0.0823, -0.0712, -0.0005, -0.0287, 0.101, 0.0627, 0.057, 0.0086, -0.0004, -0.1796, -0.0533, -0.0002, -0.032, 0.1413, -0.0476, -0.1687, -0.0387, 0.0217, 0.0253, 0.0611, -0.1469, -0.1751, -0.0611, -0.0228, 0.0739, 0.0655, 0.1579, -0.0165, -0.0282, 0.0026, 0.0047, 0.0066, 0.0292, 0.0475, -0.0707, 0.068, 0.1037, -0.1124, -0.1438, -0.0704, 0.1482, -0.0255, 0.0477, -0.0071, -0.0013, -0.0324, 0.0801, -0.0413, -0.0889, 0.02, -0.0015, 0.129, -0.0262, -0.0449, -0.125, 0.0053, -0.0145, 0.0164, 0.0589, 0.0238, -0.1295, -0.1296, 0.0892, -0.0123, 0.088, -0.0645, 0.0351, -0.0182, -0.0107, 0.0315, 0.1378, 0.0746, 0.0188, 0.198, -0.1067, 0.1026, 0.0223, 0.0132, -0.0266, 0.0319, 0.0384, 0.0496, -0.07, 0.1055, 0.0601, -0.0496, 0.0234, 0.0379, -0.0212, 0.0781, -0.0139, -0.0274, 0.087, 0.004, -0.0279, 0.1318, 0.0406, 0.0693, 0.0333, 0.0213, -0.0808, -0.0313, 0.02, 0.0506, 0.0399, 0.044, -0.0232, 0.0453, -0.0565, -0.0194, 0.0497, 0.0724, -0.1531, 0.0299, -0.0654, -0.0529, 0.0291, -0.0962, -0.0171, -0.0538, -0.0517, 0.0263, -0.022, 0.0763, -0.0808, 0.0248, 0.0578, -0.0136, -0.0506, -0.1239, -0.1006, 0.0547, 0.0221, -0.0765, 0.0152, -0.0024, -0.0519, 0.0342, -0.0704, -0.0277, -0.034, 0.0386, -0.0474, -0.0371, -0.1076, -0.0447, 0.0372, -0.2486, -0.0153, -0.1133, 0.0271, 0.0445, 0.0886, -0.0025, 0.1026, 0.1307, -0.0519, -0.0047, -0.0495, -0.0607, 0.0244, 0.1142, 0.117, -0.0017, 0.0612, -0.0016, 0.0483, 0.0169, 0.0575, -0.1359, -0.1137, -0.0657, 0.0393, 0.0995, -0.1938, 0.0036, -0.0487, -0.0562, -0.1126, 0.1369, -0.0091, -0.011, -0.0654, -0.0452, -0.0078, 0.0895, 0.1382, -0.0502, -0.0885, -0.0347, -0.0232, -0.0583, -0.0993, 0.078, 0.1741, 0.1834, 0.0078, 0.0121, 0.0457, -0.0057, -0.0011, 0.1331, 0.0132, -0.0199, -0.0763, 0.1321, 0.0645, 0.0613, 0.0325, -0.0059]",highly efficient asynchronous execution large-grained parallel program
7,"[0.2204, -0.1275, -0.0703, 0.1376, 0.0135, 0.1557, 0.0658, -0.0394, 0.1721, 0.061, 0.1482, -0.0931, 0.0396, 0.1705, -0.0079, 0.2442, -0.176, 0.0677, -0.2016, -0.0517, -0.7954, -0.0244, -0.0291, 0.0223, -0.1735, 0.2191, 0.1031, 0.0371, 0.0639, -0.1027, 0.1007, -0.214, 0.1025, 0.0899, -0.3381, -0.0124, 0.0301, 0.096, 0.1377, 0.2176, -0.0589, -0.0499, -0.0078, -0.0306, -0.0083, -0.0153, -0.0045, 0.041, 0.1871, 0.3099, 0.2571, 0.1596, -1.0162, 0.0774, 0.0633, 0.1299, -0.1895, 0.0185, -0.0164, 0.2971, 0.1778, 0.1027, 0.0477, 0.2113, 0.0169, -0.0953, 0.1519, -0.1091, -0.2899, -0.0607, 0.2178, -0.1144, -0.2532, 0.185, 0.0635, -0.0358, 0.1112, -0.2502, 0.2382, 0.0326, -0.0156, -0.0137, 0.1811, -0.1084, -0.2018, 0.2134, -0.1026, -0.1579, 0.2531, -0.2247, 0.223, 0.0335, 0.0954, 0.0147, -0.0411, 0.1307, 0.0026, -0.0252, 0.1242, 0.0163, -0.0776, -0.1768, 0.1971, 0.1251, 0.0457, -0.0991, -0.0381, 0.0168, -0.0785, -0.0678, 0.0395, 0.2047, 0.1334, -0.0342, -0.0122, 0.1908, 0.2714, -0.115, 0.2186, 0.1107, 0.0635, -0.1373, 0.0559, 0.0856, -0.1221, 0.2424, -0.0472, 0.0471, -0.1052, 0.1208, 0.0581, 0.2717, -0.0284, -0.1331, -0.1396, 0.2571, 0.1492, -0.1702, 0.0505, 0.1866, 0.1335, -0.1787, -0.2314, 0.0994, -0.1289, 0.1227, 0.2889, 0.0901, -0.3903, -0.2738, 0.2178, 0.1152, -0.0464, -0.0319, -0.0102, 0.1604, -0.0413, 0.0896, 0.1263, -0.0847, -0.069, 0.0862, -0.2058, 0.2809, 0.2302, 0.033, 0.118, 0.1387, 0.4147, 0.0194, 0.109, -0.0346, -0.0492, -0.085, 0.2115, -0.0413, 0.2237, -0.0085, -0.248, 0.219, -0.0684, 0.0796, 0.1745, -0.2509, -0.0674, 0.0573, 0.2698, -0.1328, -0.2868, -0.1967, 0.0198, 0.0104, 0.0519, 0.0588, -0.1994, -0.1777, 0.0176, -0.0611, -0.246, -0.2023, 0.0717, 0.056, -0.1996, 0.2425, 0.022, 0.1513, -0.0054, 0.1087, -0.1683, -0.1489, -0.1571, 0.2212, -0.286, 0.1083, -0.0533, 0.3706, 0.1836, -0.2406, 0.233, -0.008, -0.3695, 0.0142, 0.0228, 0.0313, 0.1136, 0.0293, 0.1513, 0.0154, -0.0284, -0.0876, 0.0652, 0.2612, -0.0107, -0.0849, -0.3972, -0.0954, 0.0635, -0.2523, -0.0555, 0.0729, 0.0531, 0.0388, 0.1591, -0.1657, -0.0308, 0.1004, 0.1124, -0.2725, -0.1417, -0.1749, -0.1567, -0.0851, -0.0385, 0.0683, -0.0726, 0.0137, -0.0732, -0.2719, 0.044, 0.0353, 0.072, -0.029, 0.1918, 0.0874, -0.6761, -0.1011, -0.0003, -0.1365, 0.0103, -0.2038, -0.2829, 0.007, -0.2428, 0.0481, 0.2275, -0.0008, 0.013, 0.1259, -0.0724, 0.1525, -0.0654, -0.1732, 0.0018, -0.0655, 0.1883, 0.0957, 0.1134, 0.0622, -0.0047, 0.1101, 0.1037, 0.1163, -0.2495, 0.3041, -0.0335, -0.1177, -0.0251, 0.1613, -0.0696, 0.0152]",set system union cardinality 0 modulom
6,"[0.2159, 0.0813, 0.0655, -0.1209, -0.0069, -0.0718, 0.1568, 0.0067, 0.1448, 0.0604, -0.2612, 0.1473, -0.1687, 0.0608, 0.2135, 0.1472, 0.1308, 0.0182, -0.1408, 0.0398, -0.2275, -0.0157, -0.0884, 0.2376, -0.0156, -0.0574, -0.1206, -0.0784, -0.0836, -0.0729, 0.0993, 0.0449, -0.1032, 0.1031, -0.1274, 0.1566, 0.1461, -0.0376, 0.0319, 0.0307, 0.0528, -0.1229, 0.2102, 0.1251, -0.0383, -0.0021, 0.2543, -0.1006, 0.0605, 0.4226, -0.1578, -0.0785, -0.7578, 0.019, -0.1178, 0.1037, 0.1002, -0.1591, -0.1633, -0.0118, -0.125, 0.198, -0.0379, 0.1014, -0.022, -0.0732, 0.0132, -0.1048, -0.0093, 0.0022, 0.0258, -0.0125, -0.0916, 0.0668, -0.0483, 0.031, 0.1425, -0.1994, -0.2076, 0.1143, 0.0649, -0.1083, 0.0749, -0.1596, -0.0066, -0.1901, 0.1215, -0.0742, 0.274, -0.005, 0.036, -0.0419, -0.0982, 0.0591, -0.1885, 0.0895, 0.1598, 0.0655, -0.1933, -0.1465, -0.1392, 0.0832, -0.0193, 0.0937, -0.1261, 0.1049, -0.0538, -0.1451, 0.0857, 0.0357, -0.13, 0.0206, -0.1607, 0.1072, 0.0216, 0.1011, 0.0044, 0.1481, 0.1355, -0.1829, -0.1846, -0.0488, 0.0488, 0.0848, -0.003, 0.2206, -0.0803, -0.0228, -0.0095, -0.1338, 0.0064, 0.1352, 0.1356, -0.1328, -0.0465, 0.0419, 0.2467, 0.1157, 0.034, -0.1294, 0.085, 0.1582, 0.1299, 0.1647, -0.3134, 0.0443, -0.1018, -0.1041, 0.0233, 0.0421, 0.0869, -0.2112, -0.152, 0.02, -0.0533, 0.0055, 0.1205, 0.1622, -0.0407, -0.0194, -0.0322, 0.0526, -0.1386, -0.1788, -0.1032, -0.1041, 0.0121, 0.1795, -0.0853, -0.1972, 0.153, -0.1442, -0.0141, 0.1299, -0.1669, -0.0647, 0.2557, -0.2406, 0.153, -0.1274, -0.1701, -0.287, -0.0289, 0.3648, -0.1415, -0.1004, 0.1846, 0.0481, -0.0549, 0.1616, 0.2249, -0.0698, 0.0245, 0.0292, -0.0804, -0.1452, 0.0214, 0.1407, 0.0784, 0.1454, -0.0067, -0.0872, 0.0417, 0.1939, -0.0981, 0.0399, 0.0328, 0.1184, 0.0976, 0.0058, 0.0655, -0.0205, 0.0162, 0.0139, -0.0994, -0.1098, 0.115, 0.1225, -0.1451, -0.1377, 0.0224, -0.1514, -0.4111, -0.0398, -0.0648, -0.1154, 0.0243, -0.1019, -0.04, -0.1745, -0.0262, 0.0679, 0.2237, -0.1489, -0.0074, -0.1782, -0.1314, -0.1522, -0.2057, 0.0425, -0.1421, -0.2523, -0.0054, 0.0121, -0.057, 0.0328, -0.0442, -0.0273, 0.1592, 0.3244, 0.114, 0.0052, -0.0625, 0.0192, -0.128, -0.1435, 0.1283, -0.1766, -0.0748, -0.098, -0.0291, -0.1321, 0.0063, -0.1628, -0.2591, 0.0809, -0.2477, 0.0101, -0.1761, -0.1035, -0.079, -0.1858, -0.1966, 0.0091, -0.0173, -0.1002, -0.0706, 0.0504, -0.0774, -0.0103, -0.1036, -0.0728, -0.0273, 0.0268, 0.0757, -0.131, 0.0354, 0.0068, -0.1794, 0.2285, -0.0366, 0.03, 0.1166, 0.0456, -0.1676, 0.1372, -0.0155, 0.1046, -0.0032, 0.1444]",efficient dispersal information security load balancing fault tolerance
5,"[-0.0302, -0.0605, -0.0401, -0.1216, -0.1464, 0.1269, -0.0429, -0.119, -0.0101, 0.0215, -0.0524, 0.0024, 0.0177, 0.0402, -0.0453, 0.0319, -0.0376, -0.036, 0.0456, 0.1094, 0.0117, 0.0397, -0.0766, 0.0055, 0.0466, 0.0927, 0.0466, 0.1214, 0.0458, -0.1116, 0.1176, -0.0308, 0.0372, -0.0781, -0.0715, -0.0419, -0.0253, -0.0348, 0.1028, -0.0613, 0.0409, 0.0556, -0.0034, -0.0291, 0.0568, 0.0773, 0.0518, -0.2133, -0.0139, 0.1565, 0.0681, 0.0848, -0.7044, 0.1085, 0.0578, 0.1302, -0.0231, 0.0096, -0.18, 0.0473, -0.1435, 0.1533, -0.0571, 0.0966, -0.28, 0.0118, -0.0419, -0.1788, -0.0436, 0.0768, -0.1538, 0.0348, 0.0449, 0.1596, -0.0672, -0.0525, 0.0924, -0.0499, 0.0129, 0.2992, 0.0023, 0.1108, 0.0178, -0.2431, -0.034, -0.0347, 0.0373, 0.1416, 0.1328, -0.0286, 0.0441, -0.0577, -0.1277, 0.0486, 0.0124, 0.0314, 0.108, -0.0442, -0.0546, 0.0363, -0.1863, -0.065, 0.0368, 0.1103, 0.4645, -0.0071, 0.0522, 0.126, -0.0159, -0.1211, -0.0827, 0.0691, -0.0032, -0.0438, 0.0946, -0.0124, 0.004, -0.0473, 0.0124, -0.3272, 0.1365, 0.038, 0.0657, 0.1556, -0.1523, 0.2137, -0.1904, -0.2089, 0.0332, -0.0093, 0.0185, -0.1336, 0.2492, 0.1183, 0.0238, -0.0643, 0.0159, 0.0539, -0.1254, -0.0367, -0.0219, 0.053, -0.0413, 0.2903, 0.0769, 0.0713, 0.0377, 0.1217, -0.0607, 0.0956, 0.2973, 0.0212, 0.0319, 0.1525, -0.0352, -0.0491, -0.0401, 0.3336, 0.0158, -0.2438, -0.0069, 0.0331, -0.0931, -0.0792, -0.0484, -0.0827, 0.1215, -0.0941, 0.0433, -0.0583, -0.3861, -0.074, -0.0384, -0.0141, 0.1406, 0.0169, 0.2753, -0.2945, -0.0352, 0.0, 0.0178, -0.1286, -0.1364, 0.0369, -0.1171, -0.0737, -0.0459, -0.149, 0.153, -0.0312, 0.0395, -0.0398, -0.0598, 0.0733, -0.1346, -0.0804, -0.0136, -0.0658, 0.1962, -0.0231, -0.2486, 0.1188, -0.2117, 0.0733, -0.0303, -0.0235, -0.0279, 0.0799, 0.1946, 0.1289, -0.0921, 0.1415, 0.0494, 0.0873, 0.1158, -0.1087, 0.0474, 0.1701, -0.0522, -0.0862, -0.0648, 0.1876, -0.13, 0.0155, -0.0443, -0.0104, -0.0769, -0.1583, -0.0566, -0.1865, -0.2052, 0.0473, 0.3057, -0.0331, 0.0665, -0.0325, 0.0814, -0.0613, -0.2405, -0.086, -0.0492, -0.1136, 0.2066, -0.0759, -0.0024, 0.1386, -0.1101, -0.07, -0.0782, 0.3639, 0.0639, -0.0139, 0.0122, -0.015, -0.1962, -0.0861, -0.0711, -0.0198, 0.1243, 0.0045, -0.0468, -0.0274, 0.0238, -0.0404, -0.273, 0.1482, 0.2169, -0.0101, -0.0639, -0.2119, 0.1436, 0.1242, -0.0003, -0.1137, 0.0731, -0.0052, -0.0686, -0.1294, -0.1058, 0.1267, 0.058, 0.0413, 0.0894, -0.0379, 0.0628, -0.143, -0.0119, 0.0109, -0.0218, 0.1257, 0.0103, -0.0097, 0.0321, 0.1158, -0.078, -0.1308, -0.0873, 0.161, 0.1822, -0.0611]",logic reason likelihood
5,"[-0.0362, -0.218, -0.0902, 0.151, -0.0391, -0.0609, 0.017, -0.0818, 0.1243, 0.0263, 0.0574, -0.2414, 0.0232, 0.0283, -0.0639, 0.1319, -0.2526, -0.0178, -0.2454, 0.0633, -0.37, 0.1167, -0.0601, 0.2932, 0.1529, 0.149, -0.2016, -0.2908, -0.164, -0.0358, -0.0614, 0.0647, 0.0762, 0.1123, -0.1128, -0.0366, -0.0618, -0.1607, -0.1687, -0.0913, -0.0103, -0.008, 0.254, -0.0293, -0.1626, -0.1864, -0.0152, 0.0723, 0.0955, 0.2328, -0.2012, -0.2643, -0.9475, 0.0017, -0.0051, 0.0881, -0.0466, -0.2175, 0.1018, 0.1783, 0.1415, 0.0317, -0.0193, 0.0818, -0.2718, -0.3408, 0.066, -0.0889, 0.1403, -0.1326, -0.1594, -0.1003, 0.1482, 0.0792, 0.0118, -0.0008, 0.0584, -0.0833, -0.0027, 0.1813, 0.2741, -0.1095, 0.3346, -0.1479, -0.0766, 0.0484, -0.0225, 0.1053, 0.3728, -0.0671, -0.1552, -0.0868, 0.0033, 0.0293, 0.0999, 0.01, -0.0571, -0.0676, -0.0578, -0.046, -0.0127, 0.0375, 0.2106, 0.1772, -0.0759, 0.0127, -0.048, -0.1755, -0.0137, 0.0933, -0.0473, -0.1289, 0.0074, -0.2423, -0.0283, -0.0055, 0.1105, -0.1313, 0.0991, -0.0169, -0.1252, -0.2035, 0.0679, 0.1241, 0.0166, 0.0576, 0.0394, 0.0625, 0.0211, 0.0899, 0.1454, -0.0608, 0.1167, -0.0163, -0.0083, -0.0395, 0.0627, 0.0872, 0.036, -0.0561, -0.0762, -0.1069, -0.0552, 0.0618, 0.0801, 0.1301, -0.1032, 0.0049, 0.0512, -0.0601, -0.1156, 0.2308, -0.0327, 0.1228, 0.015, 0.1816, -0.1281, 0.0152, 0.0886, -0.1287, -0.026, 0.0068, -0.0652, 0.1278, 0.0201, -0.0438, 0.062, 0.1496, 0.0946, 0.0514, 0.2145, 0.1571, -0.1859, -0.1766, -0.0272, -0.1446, 0.0846, -0.2111, 0.0594, 0.2206, -0.0844, 0.0155, 0.1049, 0.0319, -0.107, 0.0901, 0.0297, -0.0873, -0.097, 0.1487, -0.0542, 0.1169, -0.0913, -0.0736, 0.0182, -0.0495, -0.1439, 0.2188, 0.0115, 0.0156, -0.0064, 0.1126, -0.0605, 0.024, 0.0659, 0.0357, -0.2366, -0.005, 0.0611, 0.0988, 0.0467, 0.0027, 0.0039, -0.1241, 0.0984, 0.1433, -0.063, 0.1087, 0.0376, -0.1519, 0.0161, 0.1589, 0.0343, -0.0007, -0.2444, -0.1947, -0.069, -0.0329, 0.1615, -0.0328, 0.0186, 0.0524, 0.0371, -0.0962, 0.1472, -0.0258, 0.0667, -0.1525, 0.0265, -0.0114, -0.1606, 0.0343, 0.1408, -0.0434, -0.0988, 0.0522, 0.153, 0.0492, -0.4025, 0.1233, 0.1433, -0.0912, -0.1483, 0.1508, -0.0324, -0.001, -0.1371, -0.0251, 0.0888, 0.019, -0.048, 0.0251, -0.0722, 0.0167, -0.2453, 0.149, -0.0969, -0.1517, -0.1665, -0.0384, -0.1351, 0.2022, 0.0247, -0.0333, -0.2903, -0.1117, 0.0358, -0.0158, 0.0047, 0.1025, -0.1859, -0.1635, -0.016, 0.0813, 0.0193, 0.1291, -0.0189, 0.2001, -0.0501, 0.095, 0.1316, 0.0572, -0.1033, -0.0296, -0.1679, 0.0744, -0.0195, 0.1696, 0.0603, -0.1332]",efficient randomized pattern-matching algorithm
5,"[-0.0737, -0.1025, 0.1156, -0.0805, -0.1702, 0.1096, -0.0562, 0.209, -0.0154, 0.0258, 0.0819, 0.0293, 0.0874, 0.0633, -0.0555, -0.0415, -0.1435, -0.0828, -0.0092, 0.1209, -0.0006, -0.076, 0.0831, 0.1263, 0.0589, -0.0117, 0.123, -0.1226, 0.0035, 0.1425, -0.0504, -0.0423, -0.0247, -0.1216, 0.0391, -0.0754, 0.0393, -0.019, -0.0676, -0.1024, 0.0053, -0.0807, -0.0851, -0.1908, -0.0369, -0.0533, -0.0067, -0.0397, -0.0973, 0.0685, -0.0419, 0.22, -0.6882, -0.0446, -0.0848, 0.0923, 0.039, -0.209, 0.0815, 0.0104, -0.1182, 0.03, 0.2374, 0.0131, -0.128, -0.1127, 0.109, 0.0018, -0.0459, 0.0016, -0.0452, -0.022, 0.043, 0.3171, 0.0483, -0.0477, 0.0325, 0.1683, -0.0657, 0.1716, 0.01, 0.1077, -0.2589, -0.2244, 0.0901, -0.0129, -0.1037, -0.0128, -0.0347, -0.0041, 0.0117, -0.0354, -0.0645, -0.0441, -0.086, 0.0915, -0.0173, -0.0166, -0.0534, -0.1949, -0.2397, -0.1147, -0.0218, -0.0054, -0.6049, -0.0683, 0.0788, 0.027, 0.2478, -0.1437, -0.0974, 0.0483, -0.0038, 0.0374, 0.1223, -0.2402, 0.0388, -0.0995, 0.0484, -0.3339, 0.0777, -0.0442, 0.0072, 0.2481, 0.0525, 0.2775, 0.0301, -0.0175, -0.048, 0.1124, 0.011, 0.0133, 0.2376, -0.1411, -0.0528, 0.1661, -0.026, 0.0982, -0.1855, -0.1013, -0.0228, 0.0294, -0.0063, 0.2227, 0.0123, 0.0159, -0.1305, -0.0212, -0.1493, 0.0187, 0.3178, -0.0252, -0.1031, -0.0092, 0.0423, 0.0029, -0.1044, 0.0575, -0.0825, 0.0117, 0.1493, 0.0379, 0.017, 0.2107, -0.1817, 0.0752, 0.0089, 0.1214, -0.0043, 0.069, -0.0336, -0.0534, -0.0534, 0.1703, 0.0163, 0.0461, 0.374, -0.6933, 0.1029, 0.0073, 0.0045, -0.0338, -0.0301, -0.0178, -0.0085, 0.0937, 0.0151, -0.0231, 0.358, 0.1601, 0.0341, -0.0588, -0.0645, 0.0663, 0.0174, 0.073, 0.0259, -0.0192, 0.3412, 0.0606, 0.0543, -0.2614, -0.0212, -0.0361, -0.0845, -0.1736, 0.0789, 0.0412, 0.0184, -0.0162, -0.0592, 0.0419, 0.0323, -0.0134, -0.0264, 0.022, -0.0099, -0.0489, -0.1688, -0.1961, -0.0847, 0.1153, 0.1115, -0.0645, 0.0417, 0.1642, 0.1474, 0.1015, -0.07, -0.1278, 0.0811, -0.0123, 0.2901, -0.0628, -0.0077, -0.0597, -0.0227, 0.076, -0.3199, -0.0725, -0.0185, -0.1135, -0.0282, 0.0177, 0.0752, -0.1716, 0.0295, -0.0213, 0.0519, 0.4358, -0.0986, 0.2594, -0.0274, 0.0173, -0.2222, -0.0443, 0.0799, 0.0614, 0.0401, -0.1297, -0.181, 0.0795, -0.0756, 0.0138, -0.1372, -0.0021, -0.136, 0.0118, -0.0919, 0.1379, 0.0694, 0.1598, -0.0205, 0.035, 0.04, -0.0331, -0.1253, 0.0331, -0.0199, -0.1481, -0.1296, 0.0642, 0.0255, 0.0001, 0.084, -0.0455, 0.0006, 0.163, -0.2689, 0.0151, 0.0507, 0.1688, -0.119, 0.0179, -0.0525, 0.0927, 0.0115, 0.1621, 0.0783, 0.0915]",achieving independence logarithmic number round
4,"[0.1277, 0.0534, -0.0599, -0.0231, 0.07, -0.0025, 0.0133, 0.2109, -0.0479, 0.021, -0.0925, 0.0197, 0.1829, 0.0792, 0.0791, 0.084, 0.1482, -0.091, 0.0007, -0.0008, -0.215, -0.2492, 0.0372, 0.1127, -0.2343, -0.0648, 0.0934, -0.0021, -0.0903, -0.1092, -0.0898, -0.0259, -0.0578, 0.3714, 0.0911, -0.0119, -0.0682, 0.127, -0.1637, -0.1557, -0.1245, -0.1722, -0.3835, 0.0874, -0.0726, 0.1034, -0.1312, -0.1089, -0.0708, -0.2602, 0.0796, 0.1608, -0.7359, -0.0332, 0.0176, -0.073, 0.1264, -0.0412, -0.0062, -0.0157, 0.1858, -0.0702, 0.122, 0.0429, -0.1117, -0.1923, 0.134, 0.1413, -0.0069, -0.189, -0.0389, -0.0415, -0.0726, -0.0832, -0.1565, 0.091, 0.0646, 0.1316, 0.0027, 0.0151, 0.0114, 0.1226, -0.0938, -0.2423, -0.0148, -0.1247, 0.2714, -0.1277, 0.2113, 0.0811, -0.0949, -0.0073, -0.2122, -0.0461, -0.1861, -0.1816, 0.0917, -0.2188, -0.0255, -0.0902, -0.0386, -0.0177, -0.0671, 0.0429, -0.0188, 0.2564, -0.0092, 0.1084, 0.0544, -0.1616, 0.2163, 0.0002, 0.2922, -0.1361, 0.1476, -0.2128, 0.0285, -0.1145, -0.017, -0.2614, 0.0369, 0.0792, -0.1306, -0.0392, 0.1573, 0.1573, -0.0828, -0.5157, -0.0404, -0.2017, 0.101, -0.0852, -0.1624, -0.1567, -0.0462, 0.018, -0.1032, -0.0764, -0.1953, -0.0579, 0.093, 0.1319, -0.152, 0.1081, -0.2106, 0.2524, -0.0121, -0.0991, 0.2141, 0.0562, -0.1936, 0.1473, -0.0985, 0.0032, 0.0685, 0.1133, -0.0162, 0.1142, 0.0314, -0.0954, -0.0046, 0.0268, -0.0532, -0.0852, 0.0419, -0.1319, 0.0283, 0.0061, 0.0077, 0.0403, 0.099, -0.1757, -0.0665, -0.1505, 0.0899, 0.0737, 0.2762, -0.0106, -0.0165, -0.1609, 0.0297, -0.1263, 0.0236, -0.0246, -0.1359, -0.056, 0.2134, -0.1099, -0.098, 0.0913, 0.0021, 0.0619, -0.1048, -0.1896, -0.0514, -0.0314, -0.2392, 0.2757, 0.1487, 0.1466, -0.0482, -0.0621, 0.1631, 0.1071, 0.0467, 0.1577, -0.0351, 0.1437, 0.0969, 0.1741, -0.0979, 0.2404, 0.0214, 0.1748, -0.2431, 0.1497, -0.0338, -0.0163, -0.2646, 0.031, 0.1285, -0.0958, -0.1103, -0.0651, -0.13, -0.141, 0.0465, 0.229, -0.0012, -0.0462, -0.2789, -0.03, 0.2625, -0.0232, 0.1361, -0.1574, -0.1378, -0.176, -0.1825, -0.0531, -0.0901, 0.1085, -0.2951, 0.0843, -0.206, 0.0407, 0.0597, -0.1434, -0.0191, 0.3688, -0.0528, -0.0336, -0.0316, 0.1535, -0.1345, -0.053, -0.144, 0.0171, -0.0698, -0.0341, -0.0219, -0.1177, -0.1169, -0.0814, -0.3319, -0.1932, -0.0903, -0.1679, -0.2796, 0.3421, -0.1918, -0.0782, -0.0591, -0.1785, -0.2118, 0.1927, -0.1611, 0.0603, 0.0266, 0.0425, -0.0852, 0.1911, -0.0256, 0.0397, 0.1946, -0.0632, -0.083, 0.1161, -0.1644, 0.0702, 0.1229, -0.0825, -0.0312, 0.0228, -0.0465, 0.0425, 0.1987, 0.1726, 0.0676, 0.1747]",transaction protection beacon
3,"[0.018250000000000002, 0.12625, 0.0608, 0.08315, 0.02135, 0.1515, 0.05859999999999999, -0.10515, 0.01365, 0.08125, -0.039099999999999996, 0.044849999999999994, 0.09125, -0.0189, 0.0018499999999999975, -0.0186, 0.0428, -0.0771, -0.0474, -0.09785, -0.2592, 0.12765, -0.030950000000000002, 0.11635000000000001, -0.10604999999999999, 0.0621, -0.0747, -0.0010000000000000009, -0.004, -0.1672, -0.06515, -0.0923, 0.0928, 0.056999999999999995, -0.11865, -0.0944, 0.01165, 0.11615, -0.0496, -0.009150000000000005, -0.046349999999999995, 0.18164999999999998, -0.01235, -0.08075, 0.01515, 0.009, 0.0486, -0.009149999999999998, -0.0966, 0.11095, 0.07365000000000001, -0.05905, -0.7382, 0.0387, -0.14024999999999999, -0.0356, 0.06995, 0.0646, 0.1443, 0.005350000000000001, -0.03169999999999999, -0.07875, -0.14235, -0.0175, -0.06559999999999999, 0.08960000000000001, 0.11205, 0.05345, -0.0037500000000000033, 0.14684999999999998, -0.011999999999999999, -0.1265, 0.0072, 0.011200000000000002, -0.18955, 0.0519, 0.048, 0.0059000000000000025, -0.0075, 0.015849999999999996, 0.028399999999999998, 0.023, -0.094, -0.17315, 0.0942, 0.01515, 0.09534999999999999, -0.11230000000000001, 0.22975, 0.10185, 0.07045, 0.19940000000000002, 0.07590000000000001, -0.023, 0.2236, 0.0022499999999999985, -0.032350000000000004, 0.014100000000000001, 0.016299999999999995, -0.027299999999999998, -0.17435, -0.1759, -0.1824, -0.1056, -0.12445, 0.1186, -0.014799999999999997, 0.13705, 0.049350000000000005, -0.04635, -0.03125, 0.183, -0.0725, -0.0859, -0.1215, -0.015449999999999998, -0.07615, -0.10585, -0.05035, -0.3236, 0.04694999999999999, -0.12110000000000001, -0.07205, -0.027899999999999994, 0.12104999999999999, 0.20775, 0.021199999999999997, -0.1445, 0.14425, -0.01365, -0.005899999999999999, 0.043550000000000005, -0.0007999999999999952, -0.11399999999999999, -0.019549999999999998, 0.0975, -0.0648, -0.04939999999999999, 0.0034999999999999996, 0.03250000000000001, 0.031900000000000005, -0.0478, -0.12129999999999999, 0.13115, 0.0036500000000000005, 0.0645, -0.0392, 0.020900000000000002, 0.0125, -0.02595, -0.10945, 0.06609999999999999, 0.14955000000000002, 0.0296, -0.0010000000000000009, 0.023899999999999998, -0.04095, -0.10024999999999999, -0.13465, 0.14215, 0.03244999999999999, 0.0194, -0.0819, 0.1576, 0.10289999999999999, -0.0165, 0.0121, 0.004149999999999999, 0.0603, -0.02375, 0.0381, -0.11349999999999999, 0.06899999999999999, -0.06330000000000001, 0.12464999999999998, -0.02385, 0.2937, -0.23185, -0.02995, 0.1024, -0.020999999999999998, 0.0037500000000000033, 0.14415, 0.004449999999999999, -0.15525, -0.015050000000000001, -0.0785, 0.132, -0.10505, -0.12605, 0.012849999999999997, -0.0257, 0.0824, 0.019299999999999998, -0.12325, 0.05895, 0.12475, -0.09875, 0.0609, -0.19985, 0.010100000000000005, -0.06605, 0.03325, -0.0141, 0.12555, -0.059699999999999996, -0.05965000000000001, -0.1933, -0.11195, 0.0743, 0.00345, 0.1054, -0.10020000000000001, -0.0622, 0.012700000000000003, -0.05760000000000001, -0.13160000000000002, -0.007350000000000002, -0.0566, 0.04355, 0.16275, -0.16865, 0.046599999999999996, -0.1081, 0.02695, -0.0378, 0.0050000000000000044, -0.04, -0.034550000000000004, 0.006249999999999999, -0.0813, 0.13075, 0.3033, -0.16765, 0.04519999999999999, -0.2128, -0.003950000000000002, 0.04405, -0.25665, 0.022049999999999997, -0.10629999999999999, 0.1364, 0.1436, -0.046, 0.13825, 0.02414999999999999, 0.12965, 0.10035000000000001, -0.13240000000000002, 0.4246, 0.05005, 0.044050000000000006, -0.0405, 0.0711, 0.041699999999999994, -0.13124999999999998, -0.024600000000000004, -0.045399999999999996, 0.0217, -0.09395, -0.09044999999999999, 0.015899999999999997, 0.14525, 0.07665000000000001, -0.4671, -0.0067000000000000046, 0.04485, -0.0723, -0.26435000000000003, 0.036950000000000004, -0.07035, 0.05745, -0.0839, -0.085, -0.08055, 0.0005999999999999998, 0.1105, 0.02355, 0.06969999999999998, 0.1232, 0.0644, 0.12625, 0.0729, -0.12545, -0.0020000000000000018, -0.06069999999999999, -0.1421, -0.0414, 0.034050000000000004, -0.15205, -0.06215, 0.079, -0.02895, 0.10344999999999999, -0.05515, -0.0646, 0.049749999999999996, -0.016950000000000003, -0.0058, 0.10985]",advantage free choice symmetric fully distributed solution dining philosopher problem
2,"[0.0552, 0.1645, -0.0559, 0.0198, 0.0774, -0.1064, -0.0253, 0.179, -0.0011, -0.0322, -0.0728, -0.1364, 0.2458, 0.0059, -0.0235, -0.0916, 0.0262, -0.177, -0.0487, 0.089, -0.2249, -0.0729, -0.0118, -0.0498, -0.0099, 0.038, 0.1692, -0.0241, -0.2165, 0.0208, -0.1733, -0.2937, -0.1059, 0.0592, 0.1935, 0.0023, -0.1607, 0.0672, 0.1134, 0.0226, -0.0976, -0.0975, -0.1719, 0.1386, -0.0103, -0.1299, 0.0519, 0.0185, 0.193, 0.0567, -0.031, 0.0418, -0.7476, -0.1205, -0.1907, -0.0207, 0.0354, -0.1706, -0.0519, 0.0745, 0.2401, 0.0248, -0.0937, 0.1642, 0.06, -0.396, -0.135, -0.1638, 0.0263, -0.2895, -0.1253, 0.1009, 0.0975, 0.0065, 0.1394, -0.079, -0.0658, -0.0407, -0.0227, 0.2375, -0.1251, 0.0689, -0.1346, -0.1227, -0.1273, 0.0097, -0.0113, -0.0857, 0.2438, 0.076, 0.0854, 0.0608, -0.1021, -0.0079, -0.0985, 0.1131, 0.3008, 0.0047, -0.0453, -0.1357, -0.0221, -0.1136, 0.2256, -0.1398, -0.0292, 0.037, -0.0022, 0.1958, 0.0779, -0.2194, 0.1398, 0.0896, 0.1299, 0.1319, -0.0151, -0.1508, -0.0166, 0.2503, -0.0463, -0.2811, 0.0857, 0.0181, 0.0819, 0.1081, -0.2839, 0.0472, -0.0708, -0.0735, 0.0191, -0.0953, -0.0949, 0.0327, 0.0344, -0.1025, -0.0862, -0.0152, 0.0299, -0.0542, 0.1441, 0.1557, 0.0287, 0.0852, -0.0796, 0.1822, 0.0478, 0.0863, 0.1474, -0.081, -0.032, 0.155, 0.0839, -0.0516, -0.0785, -0.1701, -0.1653, 0.0799, 0.0785, 0.1629, 0.3123, -0.0125, 0.0168, -0.1592, -0.0247, 0.2379, 0.0807, -0.0212, 0.0739, 0.0581, 0.1922, -0.2148, 0.0808, -0.18, 0.0237, -0.0163, 0.0367, -0.0472, 0.1787, -0.2561, -0.223, 0.1464, 0.1221, -0.2391, -0.0063, 0.0198, 0.1994, -0.0989, -0.0042, -0.1255, -0.1861, -0.0796, 0.0244, -0.3344, -0.1864, 0.0616, -0.0462, 0.1288, -0.0103, -0.1154, 0.1718, 0.0082, 0.0206, 0.1863, -0.0515, -0.0173, 0.0133, -0.026, 0.0001, 0.1576, 0.074, 0.1318, -0.1142, 0.0273, -0.3024, 0.074, 0.0573, -0.0191, -0.0142, -0.0056, -0.4008, 0.0271, -0.1815, 0.0764, -0.1287, 0.1527, -0.1734, -0.0188, -0.0106, -0.0634, -0.0461, 0.0414, -0.096, -0.0192, 0.2721, 0.0935, -0.0454, -0.0924, -0.0745, -0.2574, -0.2251, -0.154, -0.2369, -0.0351, -0.0833, -0.2092, -0.0565, 0.1573, 0.0681, 0.16, -0.0288, 0.3287, 0.2377, 0.2768, -0.0027, -0.0496, -0.2183, 0.1879, -0.1023, 0.0411, 0.1531, -0.1146, 0.1347, 0.0031, -0.1925, -0.1077, -0.359, -0.1762, 0.0816, 0.1734, -0.0323, 0.1982, 0.0024, 0.2104, 0.1704, -0.0269, -0.1128, -0.1502, 0.0757, -0.066, 0.1713, 0.0279, -0.2026, -0.1259, -0.0435, 0.1846, 0.1636, 0.1297, 0.1057, 0.1065, 0.1493, 0.0961, 0.0231, 0.1098, -0.0875, 0.0406, 0.2841, -0.1527, -0.0165, 0.1872, -0.0013, 0.0853]",proving simultaneous positivity linear form
1,"[0.0179, -0.0271, -0.067, -0.0895, -0.1381, 0.1612, -0.0019, -0.0347, -0.0431, -0.0627, -0.1291, 0.1389, 0.0302, -0.0691, 0.1162, -0.1592, 0.0326, 0.1076, 0.162, -0.0594, -0.0683, 0.1084, 0.0569, 0.1315, 0.0533, 0.0441, -0.085, -0.0351, 0.0127, -0.0724, 0.0791, 0.0452, -0.1741, -0.208, 0.032, 0.0555, -0.019, -0.0115, -0.0039, 0.0387, -0.1548, -0.0881, -0.0542, 0.1026, -0.1154, -0.1177, 0.0304, 0.0123, 0.1997, -0.0669, 0.0098, 0.1688, -0.6067, -0.1043, 0.1245, -0.0091, 0.0259, -0.0121, -0.0964, -0.0524, -0.128, 0.2863, 0.1136, -0.0124, 0.0679, 0.043, -0.0588, -0.0527, -0.0068, 0.0331, 0.1088, -0.0762, -0.0611, 0.1162, -0.0295, -0.0399, 0.0728, 0.0888, -0.279, -0.0103, -0.0038, -0.0706, -0.0394, -0.2194, 0.1408, -0.0254, -0.0906, 0.0774, 0.2158, 0.1755, 0.2382, 0.1937, 0.0707, 0.0664, 0.1411, 0.0845, -0.1879, -0.0475, 0.0459, -0.0199, -0.3086, -0.0161, 0.0793, -0.1152, -0.1118, 0.1072, 0.1621, -0.0166, -0.1681, 0.0061, 0.183, -0.1036, -0.051, 0.0263, 0.0374, -0.1303, 0.0167, -0.1393, 0.2685, -0.306, 0.0439, -0.0165, 0.0551, -0.0768, 0.1936, 0.256, -0.1544, -0.1193, 0.1323, 0.012, 0.0267, 0.0041, -0.1417, -0.0067, -0.0262, -0.0227, 0.1014, -0.1276, -0.3983, 0.0561, 0.0537, -0.061, 0.1645, 0.2296, 0.1217, 0.0463, -0.028, 0.1041, 0.0485, -0.0243, -0.14, 0.13, -0.0233, 0.0064, -0.1916, 0.0566, 0.0591, -0.0364, -0.0562, -0.1441, -0.0134, 0.0888, -0.0885, 0.121, -0.0086, -0.0505, 0.1403, 0.0443, 0.0048, 0.0139, 0.1589, -0.0542, -0.0319, -0.1811, 0.0642, 0.0179, 0.2952, -0.2524, -0.1765, -0.0872, -0.0241, -0.022, -0.021, 0.1456, -0.0838, -0.0427, 0.1519, -0.0731, 0.1372, 0.065, -0.0249, -0.0053, 0.0883, -0.0733, -0.0724, 0.0161, 0.0843, -0.0502, 0.1936, -0.0215, 0.0302, 0.0739, -0.1839, -0.1509, -0.1168, -0.0561, -0.0339, 0.088, 0.1279, 0.0207, -0.0961, -0.1095, 0.1476, -0.0747, 0.069, -0.019, 0.0835, -0.0258, 0.0947, -0.0444, -0.0005, -0.0686, 0.034, 0.013, 0.0125, -0.1737, 0.2268, -0.1425, 0.0972, -0.1857, -0.4345, 0.0595, 0.3509, 0.0417, 0.0099, -0.056, -0.1682, 0.1837, -0.3188, -0.0807, 0.0658, 0.1312, -0.0008, -0.0426, 0.0078, 0.0801, -0.0197, -0.0042, -0.0158, 0.355, -0.0302, -0.066, -0.1346, 0.0029, 0.0291, -0.0027, -0.1095, 0.2219, 0.0348, 0.045, -0.0724, 0.0016, -0.0657, 0.0242, -0.3373, -0.1106, -0.0866, -0.1957, -0.0372, -0.0175, -0.1434, -0.1556, -0.0631, -0.0628, 0.0365, 0.0845, -0.091, -0.0151, -0.0621, 0.0055, -0.1519, -0.1164, 0.0837, 0.0335, 0.0186, -0.042, -0.1898, 0.062, -0.145, 0.0291, -0.0442, -0.0437, -0.0253, 0.0907, -0.0086, 0.1195, 0.1624, 0.0226, -0.0821, -0.1479]",decidability undecidability extension second first order theory generalized successor
0,"[0.0658, -0.037, -0.0269, 0.0852, 0.0828, 0.156, 0.0743, -0.0216, 0.0162, 0.118, -0.0467, -0.1768, -0.0558, -0.0142, -0.0222, 0.0116, 0.0342, 0.1327, -0.1412, 0.0493, 0.0087, -0.1166, 0.0986, -0.047, 0.1051, -0.2045, 0.027, -0.0994, -0.0045, 0.0169, 0.1631, 0.1389, 0.1124, -0.1589, 0.0935, -0.0944, -0.0444, -0.0572, 0.0102, -0.1165, 0.0079, 0.1404, -0.0449, -0.0229, -0.0629, 0.0496, 0.0888, -0.1822, 0.2422, -0.1237, -0.0634, 0.4471, -0.7707, -0.029, -0.0876, 0.1405, 0.0236, -0.2747, 0.0492, -0.052, -0.01, 0.0094, 0.1104, -0.0738, -0.0904, -0.0394, 0.0805, 0.0611, -0.0338, 0.1237, 0.0305, 0.0736, 0.0697, 0.049, 0.0058, 0.121, 0.0292, -0.0745, 0.0284, 0.135, 0.057, 0.0548, 0.135, -0.2624, -0.0552, -0.0463, 0.0589, 0.0814, 0.0845, 0.1385, 0.1974, 0.0726, 0.1431, 0.017, -0.0366, 0.1351, 0.1872, 0.0387, -0.0236, -0.117, -0.2075, 0.0253, 0.119, 0.0072, -0.0046, 0.0578, 0.1757, 0.0561, -0.0182, -0.1183, 0.0943, -0.1472, 0.0142, -0.0868, -0.0109, -0.0536, 0.0471, -0.0063, 0.0591, -0.2796, 0.0172, 0.0298, -0.0189, 0.1307, -0.1944, 0.2135, -0.0068, -0.0035, -0.0834, -0.0462, -0.1161, -0.112, 0.0306, -0.1393, -0.0526, -0.3763, 0.1381, 0.0444, 0.0425, -0.138, 0.0607, -0.0015, 0.0362, 0.2904, -0.0421, -0.0082, 0.1485, 0.1425, -0.0986, -0.1278, 0.1067, 0.0674, -0.0237, -0.0843, -0.0794, -0.0234, -0.0027, 0.0685, -0.0214, -0.0657, -0.1555, -0.0748, 0.0114, 0.142, 0.025, -0.0989, 0.1514, 0.0413, 0.0714, -0.064, 0.1418, 0.045, -0.065, -0.0812, 0.0104, 0.0303, 0.2852, 0.1344, -0.0462, 0.1366, -0.0876, 0.0433, 0.0457, -0.072, 0.0108, 0.1431, -0.0791, 0.0185, 0.0698, 0.0491, 0.0393, -0.2486, -0.087, 0.0189, -0.0171, -0.0085, -0.0244, -0.0447, 0.1433, -0.0511, 0.0796, 0.053, 0.0528, -0.004, -0.0715, -0.1111, 0.1003, -0.0219, -0.1375, 0.0126, 0.0003, 0.1576, 0.0346, 0.0799, 0.0255, -0.0015, 0.1528, 0.0404, 0.0836, -0.0563, 0.011, -0.1605, -0.0187, 0.0731, -0.1148, -0.1579, -0.0121, 0.0437, -0.0179, -0.4498, 0.1094, -0.0524, 0.2982, 0.0952, 0.0929, -0.0577, 0.0451, -0.1778, -0.2371, -0.0342, -0.0885, -0.0196, 0.1938, -0.0991, 0.0333, 0.1628, -0.0362, -0.007, -0.0704, 0.3361, 0.0754, 0.0273, 0.0872, -0.1313, -0.0957, 0.0378, -0.0289, 0.0335, 0.08, 0.0391, -0.1345, 0.0173, -0.0914, 0.0012, 0.0851, 0.0042, -0.0743, 0.0328, -0.0813, 0.0275, 0.0834, -0.0577, 0.1616, -0.0394, -0.0496, 0.0296, 0.0209, -0.0581, -0.0338, 0.0478, 0.185, -0.1196, -0.0262, -0.0812, 0.0072, 0.0209, -0.1827, 0.183, -0.0783, 0.1906, -0.061, -0.0506, 0.0292, -0.0037, 0.0744, -0.0039, 0.0335, 0.176, 0.0195, -0.0057]",theory definite automaton
