24,"[-0.0010999999999999968, 0.0087, 0.06874999999999999, 0.12695, -0.04869999999999999, 0.10510000000000001, 0.09915, -0.02165, 0.011600000000000003, -0.013599999999999994, -0.0163, -0.02355, -0.031100000000000003, 0.10525000000000001, 0.0803, -0.000899999999999998, -0.0759, 0.010700000000000001, -0.1245, 0.03745, -0.0941, 0.05545, 0.03195, 0.03265, 0.0016499999999999987, -0.07395, -0.010300000000000004, -0.1091, -0.0455, 0.13745, 0.07145, 0.007300000000000001, 0.1126, 0.0461, -0.036699999999999997, -0.1176, -0.012199999999999996, -0.07615, 0.11309999999999999, -0.05249999999999999, 0.006100000000000001, -0.036199999999999996, 0.1286, 0.0804, 0.04069999999999999, -0.06054999999999999, -0.0417, 0.065, 0.2263, 0.08695, -0.11485, 0.0545, -0.7554000000000001, 0.0317, 0.06820000000000001, 0.060000000000000005, -0.0204, -0.09645000000000001, 0.0462, 0.0542, 0.136, 0.0819, -0.0581, 0.1145, -0.1441, -0.08815, 0.0325, 0.0165, 0.01725, 0.003550000000000001, 0.0325, -0.05235, -0.011200000000000002, 0.146, 0.05015, -0.06845, 0.08995, 0.0137, -0.052250000000000005, -0.004750000000000001, 0.035449999999999995, 0.007200000000000005, 0.08675, -0.095, -0.10039999999999999, 0.038450000000000005, -0.07585, -0.03795, 0.0351, 0.0435, 0.03975, 0.03395, 0.01245, -0.02155, 0.0743, 0.17045, 0.0087, 0.033350000000000005, -0.030600000000000002, -0.0584, -0.11549999999999999, -0.0437, -0.0815, -0.0373, -0.09295, 0.0257, 0.036000000000000004, 0.041, 0.1285, -0.09245, 0.0239, -0.0835, 0.00625, -0.0831, 0.0372, 0.03155, 0.054450000000000005, 0.1038, 0.05645, -0.09595000000000001, -0.0374, 0.027350000000000006, -0.030250000000000003, 0.056600000000000004, 0.0049499999999999995, 0.07495, -0.0125, 0.034050000000000004, 0.004800000000000002, -0.028149999999999998, 0.0728, 0.019700000000000002, 0.0437, 0.06615, -0.0648, -0.03335, 0.0009999999999999974, 0.13155, -0.0756, 0.0023, 0.0314, -0.15510000000000002, 0.01885, 0.1119, 0.0441, 0.1307, 0.0069, 0.08075, 0.05135, -0.1109, -0.03585, 0.0565, 0.0669, 0.0539, 0.15905, 0.0228, 0.0199, -0.01745, -0.0344, 0.002250000000000002, 0.0542, -0.0745, 0.057800000000000004, 0.10525, 0.07475, 0.08625, 0.07075, 0.12695, 0.10214999999999999, -0.07295, 0.053899999999999997, 0.07215, -0.007299999999999994, -0.1085, 0.04565, -0.002450000000000001, 0.12605, -0.10849999999999999, -0.0638, 0.1174, -0.0418, 0.0417, -0.0017999999999999995, 0.062400000000000004, 0.027349999999999996, 0.0318, -0.022699999999999998, -0.1139, -0.007049999999999994, 0.0861, -0.00485, -0.07515, -0.16979999999999998, -0.0605, 0.08965000000000001, -0.05155, -0.003849999999999996, -0.13985, 0.0514, -0.014949999999999998, 0.016550000000000002, -0.02565, -0.0193, 0.17559999999999998, -0.0466, -0.01935, 0.04195, 0.07529999999999999, -0.0024499999999999973, 0.01625, -0.005999999999999998, 0.01175, 0.0291, 0.07105, -0.0968, 0.1919, -0.037099999999999994, -0.0746, 0.0807, 0.02135, -0.1915, 0.0036500000000000005, 0.12345, 0.0483, -0.1027, -0.14955, -0.12945, 0.08345000000000001, 0.009049999999999999, -0.0209, -0.01395, 0.05565, 0.11875, -0.004449999999999999, -0.0358, -0.028100000000000003, 0.0137, -0.0984, -0.1153, 0.027150000000000007, 0.14125, -0.0583, 0.012349999999999996, -0.020850000000000004, -0.0363, -0.0216, -0.12745, -0.0054, -0.012849999999999999, 0.10754999999999999, 0.0441, 0.06205, -0.0364, -0.0549, -0.04005, -0.008749999999999999, 0.0886, 0.0065, -0.0157, -0.035699999999999996, -0.09290000000000001, 0.011450000000000002, -0.10439999999999999, -0.10975, -0.18375, 0.0026499999999999996, 0.044550000000000006, -0.0589, -0.13185, -0.0201, -0.05165, -0.1624, 0.0019500000000000003, 0.029200000000000004, -0.08185, 0.1765, 0.09860000000000001, 0.03245, -0.0911, -0.02435, -0.04985, -0.07915, -0.026000000000000002, 0.04165, -0.04165, 0.006549999999999999, 0.0552, 0.044449999999999996, 0.04925, -0.01165, -0.0365, -0.024499999999999997, -0.07425, 0.06685, -0.1666, 0.025849999999999998, -0.07935, 0.1467, -0.03315, -0.029750000000000002]",inductive characterization matching binding bigraphs
23,"[-0.0353, 0.0615, -0.0126, 0.071, -0.0041, 0.1299, 0.327, -0.1327, 0.0728, 0.0668, 0.1709, 0.1086, 0.1986, -0.065, -0.1059, -0.0415, 0.0955, 0.1288, -0.0317, 0.1763, -0.1691, -0.0781, 0.1086, 0.0999, 0.0295, -0.087, -0.0009, 0.0591, 0.2151, -0.3226, -0.2007, -0.0106, -0.2484, 0.0981, -0.236, 0.0894, 0.1695, -0.0107, 0.0311, 0.3076, -0.0681, -0.0703, 0.4576, 0.1324, 0.1032, -0.1074, -0.1259, -0.1422, 0.2584, 0.1658, 0.0561, 0.2526, -0.8917, -0.0608, 0.046, 0.0629, -0.0314, -0.0614, -0.0331, 0.031, -0.0974, -0.0393, -0.2328, -0.1607, 0.0734, 0.2781, -0.2388, 0.0843, 0.0313, 0.1342, -0.0284, -0.2011, -0.1404, -0.0306, -0.1516, -0.1544, -0.1322, -0.1172, 0.0093, -0.1543, -0.0141, 0.2479, -0.124, -0.1793, -0.0198, 0.0515, -0.0821, -0.2863, -0.0302, -0.163, -0.024, 0.0769, 0.0082, 0.0995, 0.3434, 0.0252, 0.1691, -0.1802, -0.0652, -0.175, -0.1346, -0.0065, -0.0134, 0.2506, -0.1119, -0.1462, 0.1822, 0.1793, -0.0789, -0.0742, 0.0538, -0.0123, -0.0921, -0.0612, 0.1791, -0.1004, 0.0385, -0.064, 0.0939, -0.0453, 0.1385, 0.2651, -0.1148, -0.2194, 0.0788, 0.1224, -0.0499, -0.0847, 0.3537, -0.1712, 0.2817, -0.1194, -0.0868, 0.0952, 0.0161, 0.12, -0.1656, 0.0986, -0.111, 0.041, 0.0613, -0.2025, 0.0727, 0.0521, 0.1525, 0.1389, 0.2577, -0.1132, -0.0204, 0.0037, -0.036, -0.1597, 0.1103, -0.0471, 0.0041, -0.1321, -0.1174, 0.1836, -0.1029, 0.1111, 0.1773, 0.1856, -0.0251, 0.2293, 0.063, -0.1899, -0.0226, 0.1036, 0.1157, 0.0489, 0.1171, -0.2392, 0.1239, -0.0984, 0.1048, -0.072, 0.1479, 0.0474, -0.1922, 0.1412, 0.197, 0.0136, -0.0446, 0.2064, -0.0728, -0.064, 0.0102, -0.028, -0.1342, -0.1191, 0.0667, -0.0907, -0.1254, -0.071, 0.096, 0.119, -0.0655, -0.0413, -0.0506, 0.184, 0.0234, 0.0301, -0.0035, -0.1168, -0.1667, -0.1614, -0.15, -0.1814, 0.0465, 0.1942, 0.1531, 0.055, -0.0839, 0.1124, -0.1804, -0.2047, -0.2543, -0.214, -0.0737, -0.0366, -0.048, 0.1219, -0.0047, 0.0794, -0.0715, -0.0169, -0.1618, -0.0476, 0.0624, -0.1365, -0.2605, -0.2025, 0.1646, 0.1012, -0.0523, -0.1894, 0.0232, 0.1293, 0.0394, -0.2963, -0.0237, 0.0024, -0.1069, 0.2017, -0.0753, -0.1221, 0.1879, 0.0349, 0.0645, -0.1549, 0.1072, -0.0195, 0.0228, 0.0496, 0.0669, 0.0217, 0.0889, -0.0318, -0.0193, -0.1317, -0.0131, 0.0248, 0.103, -0.0324, -0.5508, -0.2662, -0.0485, 0.0907, -0.1971, 0.0412, -0.0098, 0.0983, 0.105, 0.2942, -0.0839, -0.093, 0.051, 0.1997, -0.1301, -0.0217, 0.0649, 0.1859, -0.0121, -0.0069, 0.0712, 0.1817, -0.3896, -0.2463, 0.0009, -0.0997, -0.1713, 0.078, 0.1403, -0.273, -0.1745, -0.359, -0.0532, 0.2546, 0.1419, -0.0975]",discussant response computer journal lecture morris sloman
23,"[-0.1377, -0.0081, 0.0015, 0.0039, 0.0001, 0.0981, 0.0174, 0.069, -0.1056, -0.0647, -0.0436, -0.1434, -0.0471, -0.1677, 0.2294, 0.0277, 0.0227, 0.0082, -0.0595, 0.1338, -0.085, -0.0642, -0.0415, 0.1366, -0.0175, 0.0429, 0.0782, -0.2124, -0.02, -0.0085, -0.033, -0.1305, 0.2319, -0.0303, 0.1218, 0.065, -0.0105, -0.0756, 0.0367, 0.0421, -0.0446, 0.1245, -0.0014, 0.2062, -0.1568, 0.1009, -0.044, -0.3304, 0.041, 0.0789, -0.049, -0.2554, -0.7203, 0.172, 0.0155, 0.0928, -0.1036, -0.08, -0.1661, 0.076, 0.0498, 0.0881, 0.1849, -0.046, 0.0242, -0.1064, -0.001, 0.0632, 0.0286, 0.0541, 0.0623, -0.0071, -0.092, -0.0738, 0.0928, 0.11, -0.019, -0.1579, -0.224, 0.1035, 0.0425, -0.1561, 0.0571, -0.2316, -0.094, -0.1607, -0.0123, 0.1848, 0.0024, -0.11, -0.0055, 0.1519, -0.0582, -0.0706, -0.0876, -0.3425, -0.0214, -0.0785, -0.0601, -0.1301, -0.1503, -0.1844, -0.1054, 0.0397, -0.3628, 0.0992, -0.053, -0.1826, 0.0581, -0.2646, -0.0634, -0.0162, -0.025, 0.0813, 0.3918, 0.0309, -0.0774, -0.0059, 0.0474, -0.2356, 0.1197, 0.0308, -0.0057, 0.078, 0.0263, 0.2063, 0.0182, -0.0051, -0.0891, -0.1208, 0.1018, 0.1306, 0.1357, -0.2227, -0.028, -0.0013, -0.059, 0.0766, -0.0087, 0.1062, 0.1268, 0.0603, -0.0949, 0.1904, 0.1374, 0.0027, 0.1432, -0.0156, -0.0647, 0.0257, 0.0619, -0.0211, 0.0983, -0.0514, -0.0067, 0.0838, 0.0144, -0.0448, -0.0755, -0.148, 0.1003, 0.1485, 0.0061, -0.1537, 0.1317, 0.0122, 0.0887, 0.2011, -0.1446, 0.0193, 0.1288, 0.1076, 0.1695, -0.0815, -0.0657, -0.2233, 0.2166, -0.0553, -0.0558, 0.0072, -0.0004, 0.0549, 0.1078, 0.0948, 0.0017, 0.0293, 0.2309, -0.1298, 0.1874, 0.1266, -0.0544, -0.1921, 0.0591, -0.1316, 0.0685, 0.1555, -0.0834, 0.0102, 0.1855, -0.068, -0.2271, 0.0468, -0.0214, -0.0662, -0.0705, 0.2202, 0.1545, -0.2141, 0.0257, 0.0684, 0.036, -0.1481, 0.015, 0.0334, 0.1014, -0.0139, -0.057, 0.0208, -0.0972, -0.0112, 0.0389, 0.0176, 0.215, 0.0117, -0.1468, 0.0, 0.0235, 0.1785, 0.0752, -0.0024, -0.0411, 0.0417, 0.2346, -0.0731, 0.1286, 0.0082, -0.0008, 0.0249, -0.2517, 0.1066, -0.0494, -0.0051, 0.0704, 0.0746, 0.0797, 0.0251, -0.0966, 0.1704, 0.1437, 0.3509, 0.1753, -0.1566, 0.0476, -0.1609, -0.25, 0.0129, -0.1532, -0.0405, 0.0375, 0.039, -0.0969, 0.0804, -0.1939, -0.112, -0.1965, -0.1757, 0.0958, 0.0562, -0.2406, -0.0762, -0.0179, -0.0687, 0.0791, 0.039, -0.1607, 0.1644, 0.1481, 0.0678, 0.1376, 0.1152, 0.0542, -0.0061, -0.0333, 0.057, -0.0117, -0.0063, 0.0203, 0.0124, 0.0384, -0.0202, 0.0306, 0.1063, 0.0893, 0.1201, 0.0205, -0.2088, -0.0242, 0.2236, -0.064, -0.0319]",unfolding csp
22,"[-0.1305, -0.0394, -0.0316, 0.0956, -0.0286, -0.0663, -0.0469, 0.0086, 0.1264, 0.0553, 0.0349, -0.0575, -0.0078, -0.0682, -0.0078, 0.0395, 0.0282, -0.1658, -0.1953, 0.0232, -0.0619, 0.049, 0.0557, 0.0509, 0.0735, 0.0134, -0.0352, -0.1936, -0.0878, 0.0169, 0.0655, -0.0972, 0.1803, -0.0282, 0.0739, 0.0119, 0.0185, -0.1848, 0.0042, -0.0112, -0.0553, -0.0648, 0.0128, -0.0015, -0.0016, 0.0648, -0.0323, 0.0027, 0.0948, 0.1049, 0.0266, 0.0877, -0.7517, -0.0104, 0.0603, 0.0872, 0.0042, -0.0386, -0.0555, -0.039, 0.016, 0.0803, 0.0115, 0.1259, -0.012, -0.0556, 0.0131, -0.0084, -0.0097, 0.0105, 0.0368, -0.0024, 0.0541, -0.0832, 0.0245, 0.036, -0.0284, 0.0084, -0.0381, -0.0954, -0.0408, -0.0851, -0.028, -0.0288, -0.0055, -0.0867, -0.0473, -0.0023, 0.0657, 0.0919, 0.0766, -0.0315, 0.0362, 0.0116, 0.1257, 0.0256, -0.0968, -0.0841, 0.038, -0.0278, 0.0098, -0.0166, -0.097, 0.0578, -0.0062, -0.1464, 0.0166, -0.1191, 0.0513, 0.0546, -0.0083, -0.0773, 0.0143, -0.0882, -0.0679, -0.031, 0.0434, -0.0241, 0.0306, -0.0046, 0.0117, 0.0849, -0.0322, 0.0801, -0.1086, -0.001, -0.0132, 0.0468, 0.0779, -0.0374, 0.0208, 0.041, -0.0312, -0.0384, -0.0997, -0.0631, 0.0277, -0.1, 0.0432, -0.0041, 0.0397, -0.0429, -0.1233, -0.0162, -0.0509, 0.0695, 0.1866, 0.0234, 0.0139, -0.0463, -0.1517, 0.09, -0.0147, 0.0067, 0.0005, 0.0384, 0.04, -0.0641, 0.0281, -0.0787, -0.0273, -0.0783, -0.044, 0.0695, -0.0699, 0.0824, -0.0345, 0.0237, 0.0204, -0.062, 0.0033, -0.0695, -0.0207, -0.0568, 0.1031, -0.0946, 0.1485, 0.0585, 0.0545, 0.05, 0.0311, 0.0295, 0.0414, -0.0342, 0.0014, 0.0647, -0.0308, 0.0066, 0.0153, -0.0141, -0.0663, -0.0195, -0.0423, -0.0197, -0.0779, -0.0327, 0.028, 0.0261, -0.1017, -0.0754, 0.0433, -0.0297, 0.0253, 0.0197, -0.0513, -0.0162, -0.0019, -0.1284, 0.0053, 0.0083, 0.0231, -0.1278, -0.0001, -0.0156, 0.0618, 0.0749, -0.0239, -0.046, 0.0154, -0.023, -0.0796, -0.0764, -0.0476, -0.0076, -0.0514, 0.0493, 0.0167, -0.0444, 0.0171, -0.1052, 0.1082, 0.0598, 0.0128, -0.0308, -0.0277, -0.0586, 0.0435, 0.031, -0.0334, -0.0022, 0.0408, -0.0361, 0.0786, -0.0661, 0.0535, 0.0127, -0.1184, 0.0141, 0.0127, -0.1413, -0.0082, -0.0831, -0.0583, -0.1121, -0.0651, -0.0236, -0.0368, -0.0275, 0.0162, 0.0191, 0.05, -0.0367, -0.0542, 0.0435, -0.2204, 0.0368, 0.0087, 0.0623, -0.0809, -0.0078, -0.1773, -0.0416, 0.0292, -0.0051, -0.016, -0.0349, 0.0493, 0.0287, 0.0149, -0.0948, -0.003, -0.0515, -0.0641, 0.1005, 0.0917, -0.0384, -0.0104, -0.0534, 0.1381, 0.0667, 0.0378, 0.0003, -0.105, -0.0718, -0.0627, -0.0177, -0.1327, 0.1554, -0.0077, -0.047]",bigraphical category
21,"[-0.1914, 0.0064, 0.0059, -0.1019, 0.094, 0.1446, -0.0148, 0.1012, -0.0379, 0.1905, 0.0452, -0.0237, 0.1063, -0.0971, -0.0907, 0.0821, -0.1002, -0.2039, -0.2205, 0.0433, -0.1582, 0.1496, 0.0533, 0.2068, 0.0251, 0.0106, -0.045, -0.2575, 0.0043, -0.1028, -0.0495, 0.0406, 0.1452, 0.1765, 0.1111, -0.0012, -0.0364, 0.0086, 0.0301, -0.0427, 0.1305, 0.0011, 0.0168, -0.0947, -0.1476, -0.0296, -0.1798, 0.0257, 0.1381, 0.017, 0.008, -0.0072, -0.8374, -0.0416, -0.0313, 0.1266, -0.0216, 0.0203, 0.1244, 0.0094, 0.0964, 0.1248, 0.0072, 0.1085, -0.1066, -0.1301, -0.0733, 0.0349, 0.0329, -0.0355, -0.0236, -0.0906, -0.0362, -0.0397, 0.064, -0.0799, 0.0342, -0.0231, -0.1469, 0.0053, -0.1189, -0.0779, -0.0183, -0.1155, 0.0007, -0.094, 0.0454, -0.1504, 0.2427, -0.2049, 0.0485, 0.1483, -0.0074, 0.0776, 0.2267, -0.0076, 0.0133, -0.1091, 0.2284, -0.0201, -0.0245, -0.0201, 0.0515, 0.0441, -0.0273, -0.0661, -0.1212, 0.0864, 0.0582, 0.1628, -0.0717, -0.0431, 0.0246, 0.1447, -0.0002, 0.0333, -0.0693, -0.015, -0.0016, 0.0768, -0.0586, 0.0209, -0.1441, 0.0856, -0.0363, 0.0986, 0.058, -0.0055, 0.1265, 0.0468, -0.0271, 0.0803, 0.1775, 0.007, -0.1278, -0.0919, -0.0144, -0.0268, -0.0648, -0.0762, 0.0326, -0.0372, -0.1293, 0.0314, 0.1265, -0.1396, 0.1472, 0.153, -0.0175, -0.1925, -0.244, -0.104, -0.0992, 0.0674, 0.0974, 0.0435, -0.0183, -0.1855, -0.0408, -0.0292, 0.0534, -0.0227, 0.1999, 0.0629, -0.1046, 0.1358, 0.0198, -0.0127, 0.0004, -0.0257, 0.0776, -0.0388, -0.0375, 0.0834, 0.0102, 0.0101, 0.1946, 0.0589, -0.0843, 0.0439, -0.0965, 0.0209, 0.1317, 0.0049, -0.1279, 0.0192, 0.2918, 0.044, 0.0591, -0.0004, -0.0773, -0.0236, 0.0855, -0.023, 0.0531, -0.0915, 0.0977, 0.1588, -0.1006, 0.0405, 0.021, -0.0204, -0.0525, -0.0046, -0.0335, -0.0454, -0.0461, 0.0587, 0.1163, 0.0406, 0.0631, 0.031, 0.0172, 0.0047, 0.0289, -0.0297, 0.1043, -0.1268, -0.1736, -0.1507, -0.118, -0.0625, -0.0538, -0.0294, -0.1377, -0.0375, 0.0034, -0.0484, 0.0047, -0.0769, 0.085, -0.0725, -0.0092, 0.0582, -0.0889, -0.1242, -0.0601, -0.0815, 0.004, 0.0103, -0.0959, -0.0595, -0.0199, -0.0243, -0.0565, 0.0665, -0.1266, -0.031, 0.0186, -0.1304, 0.111, -0.1241, -0.1257, -0.1, 0.0737, 0.0593, -0.0222, 0.0536, -0.0516, 0.0435, 0.0357, 0.0003, 0.0375, 0.2506, -0.1639, -0.0058, 0.0346, 0.005, -0.2302, 0.0276, -0.0522, 0.1044, -0.0437, -0.2155, -0.1465, 0.0607, 0.0419, -0.0462, 0.1755, -0.0273, 0.0551, -0.0001, 0.1385, 0.0954, 0.0752, -0.0838, 0.1256, 0.0161, 0.0692, 0.191, 0.0383, -0.0236, -0.0982, -0.0024, -0.0686, 0.0463, -0.0796, 0.1525, 0.0755, -0.0303]",keynote space motion large informatic system
20,"[-0.081, 0.0257, 0.2514, -0.1071, -0.0555, 0.0714, 0.0265, 0.0589, 0.1679, -0.1143, -0.1461, -0.0112, 0.012, 0.058, -0.0282, 0.1599, -0.1528, -0.2605, -0.0065, -0.0778, -0.1458, -0.1338, -0.042, 0.2364, 0.0347, 0.0138, -0.1434, -0.1031, 0.0564, -0.1127, 0.0256, -0.2059, -0.0662, -0.0313, 0.1413, -0.0218, 0.012, -0.1422, 0.0061, 0.1746, -0.1547, -0.0752, 0.1354, 0.1227, 0.1182, 0.0363, 0.0231, 0.0073, -0.0131, 0.2079, -0.1247, -0.0428, -0.7326, 0.0214, -0.0984, 0.0204, -0.1916, 0.0839, -0.0076, 0.1372, 0.041, -0.0047, 0.0429, -0.1021, 0.0085, -0.1416, -0.0384, 0.0198, 0.054, -0.014, 0.1212, 0.0019, 0.0452, -0.0493, -0.0689, -0.205, 0.1182, -0.2151, 0.1247, -0.0569, -0.073, 0.0367, -0.0262, -0.1814, 0.039, -0.0154, 0.078, 0.0405, 0.0622, -0.0846, 0.1291, 0.3002, -0.1, -0.0143, 0.0629, 0.0784, -0.0832, -0.0967, 0.0432, -0.225, -0.1207, 0.259, 0.2098, -0.1322, 0.05, -0.1498, 0.1557, -0.0473, 0.2319, -0.2328, -0.1313, 0.4223, -0.0144, -0.1468, -0.0067, -0.1181, 0.1939, -0.0949, 0.0044, -0.2338, 0.1543, 0.1159, -0.0061, 0.038, -0.0083, 0.153, -0.0104, -0.2401, -0.1359, 0.1068, -0.0824, 0.1081, 0.2851, -0.0305, -0.0443, 0.0688, 0.0454, 0.1372, 0.0233, 0.0932, 0.2237, -0.1037, -0.101, 0.1765, 0.2035, -0.0825, -0.0096, -0.1561, 0.0791, 0.2326, -0.0407, 0.0161, 0.126, 0.1449, 0.0849, 0.0197, -0.0797, 0.121, 0.1674, -0.1233, -0.3052, 0.1347, -0.0639, 0.1309, -0.0277, 0.0579, 0.0593, -0.0486, -0.2264, 0.0569, 0.1663, -0.1733, 0.0246, 0.0296, 0.1669, -0.12, 0.1907, -0.0306, -0.0669, 0.1624, -0.1094, 0.0909, 0.1126, -0.1591, 0.0035, 0.021, 0.2181, 0.1096, -0.0006, 0.2802, -0.0392, -0.0463, 0.2132, 0.0526, 0.1116, 0.042, -0.0194, 0.1818, 0.0116, -0.1048, 0.0227, 0.0702, 0.0473, -0.1638, -0.11, 0.0222, 0.0604, 0.0515, 0.1597, -0.0449, -0.1151, -0.0215, -0.1175, -0.1595, -0.0465, -0.1322, 0.0885, 0.0456, -0.0099, 0.329, 0.0128, 0.266, -0.0661, 0.1293, -0.1703, 0.204, 0.0438, 0.1168, 0.0072, -0.2556, -0.2734, 0.2631, 0.2364, 0.0174, 0.1856, 0.0912, 0.1573, -0.1983, -0.1468, 0.1648, -0.1272, 0.1141, 0.0548, -0.0253, 0.0735, -0.0199, 0.0065, -0.0743, 0.1309, 0.3062, 0.2887, 0.0339, 0.3285, -0.2706, -0.0098, 0.0592, 0.2325, 0.0061, 0.0891, 0.0277, -0.1945, -0.0488, -0.1171, -0.0162, -0.2802, -0.0719, 0.1379, -0.0203, -0.1085, 0.0277, 0.0046, 0.0337, 0.1929, -0.0526, 0.0602, 0.0566, -0.0689, -0.1124, -0.1976, 0.0148, -0.038, -0.3326, -0.164, -0.0894, 0.0136, 0.0827, -0.1357, 0.2537, -0.0668, 0.066, 0.2043, -0.0667, -0.0567, -0.0139, -0.1923, -0.0786, -0.0248, 0.0351, -0.0863, 0.1285]",local bigraphs confluence two conjecture extended abstract
19,"[0.0542, -0.0417, -0.0463, 0.0471, -0.0283, 0.2642, -0.027, 0.0154, -0.0946, -0.0307, -0.0353, -0.1549, -0.0657, -0.0546, 0.0464, 0.0302, -0.0193, 0.1244, -0.057, -0.148, 0.0352, -0.1201, -0.1914, -0.0322, -0.2057, 0.166, 0.0234, -0.1921, 0.0378, -0.1234, -0.0247, -0.0824, -0.0179, -0.0127, 0.0122, -0.0508, 0.1185, -0.1205, 0.0162, -0.1556, -0.0774, -0.1348, -0.0067, -0.0954, -0.0315, -0.0072, -0.0667, 0.0942, -0.0214, 0.0632, -0.0444, -0.0019, -0.785, -0.1257, -0.1565, 0.0702, -0.0415, -0.191, -0.1893, 0.0551, 0.0682, 0.1018, 0.0358, 0.0253, -0.1977, -0.2563, 0.1278, 0.0411, 0.1176, 0.0044, 0.0036, -0.0709, 0.0332, -0.1168, 0.0324, 0.0025, 0.072, -0.1222, -0.0745, 0.282, 0.0742, -0.0695, 0.0118, -0.2328, -0.0186, 0.0471, 0.1646, -0.0423, 0.0272, -0.0644, 0.0061, -0.032, -0.0631, -0.0218, 0.0977, -0.015, 0.0574, 0.0298, -0.0528, -0.1784, -0.1834, 0.0325, -0.0374, 0.1157, -0.1354, -0.1699, 0.1577, 0.153, 0.0285, 0.0165, -0.0674, -0.3225, -0.0118, 0.0042, -0.0964, -0.0524, 0.0555, -0.0329, -0.0146, -0.2825, -0.202, 0.1526, 0.0538, 0.0443, -0.2777, 0.2014, -0.1255, 0.0242, -0.0996, 0.0929, -0.0521, -0.0445, -0.0645, -0.077, -0.1057, -0.3474, 0.1646, -0.0636, 0.1508, 0.0517, 0.0083, -0.1025, -0.1249, 0.2146, -0.1281, -0.0277, 0.0586, 0.0345, 0.1386, 0.1337, 0.0218, -0.1038, 0.0255, 0.0655, 0.1009, -0.0444, -0.0569, 0.0118, 0.0674, -0.0207, 0.0316, 0.044, -0.0033, 0.0545, 0.1717, 0.0825, 0.0951, -0.1129, -0.1021, 0.0425, 0.2052, 0.1123, -0.0463, 0.0053, -0.0115, -0.1275, 0.2463, 0.2063, -0.1585, 0.0707, -0.0649, 0.0418, -0.0367, -0.0648, 0.024, 0.2327, -0.005, 0.131, 0.132, -0.1818, -0.1505, -0.1399, -0.0773, 0.0141, -0.0047, 0.0727, -0.0507, -0.0046, 0.1911, -0.0555, -0.0686, 0.2855, -0.024, -0.1417, 0.0741, -0.0367, 0.1656, 0.1635, -0.0926, -0.043, 0.1101, 0.0643, 0.073, 0.1872, -0.1751, -0.117, 0.1376, 0.0209, 0.024, 0.0835, 0.0905, -0.0836, -0.0251, -0.0919, 0.0357, -0.2021, -0.1349, 0.0295, -0.0828, -0.1505, -0.067, 0.0411, 0.2486, 0.046, 0.1292, 0.1274, 0.0281, -0.2298, -0.21, 0.2568, -0.2627, -0.1447, -0.1407, 0.1268, 0.0738, 0.1225, -0.0976, -0.0161, -0.017, 0.3364, -0.0722, 0.0972, 0.0667, -0.1626, -0.142, -0.0385, -0.0299, 0.0636, -0.0266, -0.007, 0.0055, -0.0396, -0.0589, -0.017, -0.0999, -0.0842, 0.132, -0.0085, -0.3202, 0.2447, 0.1019, -0.1851, 0.0714, -0.1431, 0.0078, -0.0944, -0.152, -0.0875, -0.0293, -0.0017, 0.0194, 0.0796, 0.1322, -0.0043, 0.1815, 0.0054, 0.1366, -0.0796, 0.1315, -0.2008, 0.0112, 0.0456, 0.0824, -0.0141, -0.0873, -0.0605, 0.0918, 0.1432, 0.0573, -0.1496]",pervasive process calculus
19,"[0.058, -0.1608, -0.0247, -0.0427, 0.0079, 0.0562, -0.0689, 0.0697, 0.0322, 0.0623, 0.034, -0.1088, 0.1674, -0.044, 0.0908, -0.0681, 0.0156, 0.0402, 0.0259, 0.1732, 0.0439, 0.1259, 0.0707, 0.034, 0.0125, 0.0657, 0.0619, -0.0563, -0.1033, 0.0457, 0.0215, 0.038, -0.007, -0.1091, 0.0913, 0.0025, 0.0113, -0.0219, -0.0483, -0.0578, -0.0259, -0.038, -0.1598, 0.0223, -0.0252, -0.1131, 0.0798, -0.1669, -0.0518, 0.072, 0.007, -0.0249, -0.6692, 0.1493, -0.0397, 0.0457, -0.0932, 0.1202, 0.1639, 0.0925, -0.0249, 0.057, -0.0804, 0.0019, 0.0224, -0.2149, -0.0178, 0.0018, 0.0794, 0.0393, -0.0087, 0.0849, 0.0168, 0.0971, -0.0713, -0.1109, 0.0412, 0.0153, -0.0075, 0.0923, -0.0003, 0.0309, -0.1469, -0.2506, -0.0624, 0.0929, -0.0425, -0.0112, 0.2072, -0.0201, 0.1769, -0.0675, 0.04, -0.1147, 0.0823, 0.0895, 0.0206, 0.059, 0.2315, -0.0788, -0.2609, -0.0212, -0.0291, 0.0862, -0.0734, -0.0714, 0.2628, 0.1377, 0.1638, 0.0169, -0.0944, -0.2344, 0.0817, 0.0174, -0.024, 0.0089, 0.0567, -0.1143, -0.1028, -0.2368, -0.2151, -0.0389, -0.0659, 0.0404, -0.0359, 0.2628, -0.1044, -0.1643, -0.1344, -0.0263, -0.1219, 0.0531, 0.1402, -0.0926, 0.0839, -0.3821, 0.0431, 0.0899, 0.2266, -0.0391, 0.0431, -0.02, -0.0453, 0.3001, 0.1238, -0.0966, 0.1266, 0.1228, 0.0058, -0.0422, -0.1192, -0.044, -0.116, 0.0056, -0.0531, 0.0372, -0.0085, 0.0592, -0.1718, -0.0768, 0.1116, -0.032, -0.0358, 0.2548, -0.0185, 0.1294, 0.1023, -0.0392, 0.1853, -0.1542, 0.0613, 0.0512, -0.084, -0.0417, 0.1392, 0.0837, 0.3578, 0.071, -0.004, 0.0024, -0.0418, 0.0332, 0.1074, 0.0359, 0.0564, 0.1076, -0.0752, -0.0665, 0.2101, 0.1899, 0.0142, -0.0571, 0.0857, 0.0027, -0.0522, -0.0174, -0.0521, -0.0262, 0.2443, 0.0414, -0.0276, 0.112, -0.0185, 0.0173, 0.0003, 0.0958, 0.0969, -0.1492, 0.0134, 0.0887, -0.0329, -0.0352, 0.0419, -0.0733, -0.0541, -0.0325, -0.0841, 0.0405, -0.1433, -0.0193, 0.1106, 0.0805, -0.1318, 0.219, 0.0328, -0.0623, -0.0976, 0.1691, -0.0283, -0.1613, -0.0018, -0.0894, 0.2997, 0.2606, -0.0107, -0.0957, -0.0059, -0.271, -0.2538, -0.1417, -0.0345, -0.0212, 0.1312, 0.0509, -0.0776, -0.1542, -0.0285, 0.1495, -0.0354, 0.4033, 0.0422, 0.0931, -0.0055, 0.0685, -0.0604, 0.0176, 0.0567, -0.0634, 0.003, -0.0105, -0.085, 0.1075, -0.0272, 0.1156, -0.0254, 0.1056, 0.0906, -0.0407, -0.2252, 0.0727, -0.0748, -0.0543, 0.015, -0.0265, 0.0629, -0.0072, 0.0536, -0.0149, 0.1076, 0.1095, 0.0132, 0.0891, -0.0243, 0.0946, -0.0438, 0.1842, 0.168, 0.1893, 0.2002, 0.1145, -0.0552, 0.0037, 0.1596, 0.0359, 0.0568, 0.1518, -0.007, 0.1789, 0.1227, 0.0255]",pure bigraphs structure dynamic
19,"[-0.04176666666666665, 0.17390000000000003, -0.10410000000000001, 0.18956666666666666, -0.0584, -0.021933333333333332, -0.009333333333333332, -0.043333333333333335, 0.024033333333333334, 0.0967, 0.0147, 0.0703, 0.04776666666666666, 0.05303333333333333, 0.015033333333333338, 0.07816666666666668, 0.017533333333333335, -0.03336666666666666, -0.07113333333333333, -0.0018666666666666647, -0.2997666666666667, -0.015099999999999994, 0.035199999999999995, 0.17689999999999997, 0.06733333333333334, -0.10896666666666666, -0.09216666666666666, -0.10006666666666668, 0.07063333333333333, 0.049133333333333334, 0.058666666666666666, -0.021699999999999997, 0.028866666666666662, 0.049600000000000005, 0.11820000000000001, -0.07903333333333333, -0.0219, -0.06526666666666668, 0.017866666666666666, 0.0857, -0.2068, -0.08923333333333333, 0.10676666666666668, 0.05646666666666667, -0.1497666666666667, -0.005033333333333334, 0.026733333333333335, -0.17193333333333335, 0.0313, 0.032, 0.10653333333333333, 0.042699999999999995, -0.7998333333333334, 0.04523333333333334, 0.04466666666666667, -0.04636666666666667, -0.02186666666666667, -0.018266666666666667, 0.09916666666666667, 0.007966666666666665, -0.06996666666666666, 0.028300000000000002, -0.0924, 0.07343333333333334, -0.07566666666666667, -0.04633333333333334, -0.018866666666666664, -0.010366666666666672, 0.021733333333333337, -0.03213333333333334, -0.022566666666666665, 0.07846666666666667, 0.09276666666666666, -0.07476666666666666, 0.1151, -0.062266666666666665, -0.04583333333333334, 0.1665, 0.0551, -0.032799999999999996, -0.028399999999999998, -0.056133333333333334, -0.018866666666666667, -0.12863333333333335, -0.06543333333333334, -0.061099999999999995, -0.09639999999999999, 0.005733333333333333, 0.24406666666666665, 0.13503333333333334, -0.09646666666666666, 0.061599999999999995, 0.004799999999999999, 0.007099999999999999, -0.007933333333333339, -0.11506666666666666, 0.05453333333333333, -0.042366666666666664, 0.0374, -0.028333333333333332, -0.08846666666666665, -0.04783333333333333, 0.019133333333333336, 0.004633333333333333, 0.019100000000000002, 0.04663333333333334, 0.015, -0.04766666666666666, 0.0061666666666666675, -0.1538, -0.002366666666666665, 0.04680000000000001, 0.152, -0.12876666666666667, 0.0557, 0.03783333333333334, 0.07023333333333333, -0.05673333333333333, -0.028800000000000003, -0.21496666666666667, -0.05076666666666666, -0.037733333333333334, -0.05043333333333333, 0.17866666666666667, 0.08313333333333334, 0.12213333333333333, 0.08823333333333333, 0.03153333333333334, -0.011833333333333333, -0.026266666666666664, -0.028233333333333333, -0.18736666666666665, -0.02416666666666667, 0.0326, 0.1125, -0.016466666666666675, -0.046000000000000006, 0.134, 0.026966666666666667, 0.011900000000000003, 0.11669999999999998, -0.1546, -0.15263333333333332, 0.09246666666666666, -0.0628, 0.014633333333333326, 0.04096666666666667, -0.0352, -0.0265, -0.09233333333333334, -0.06136666666666666, 0.04793333333333333, 0.038733333333333335, -0.03526666666666667, 0.10733333333333335, 0.05536666666666667, -0.15666666666666665, -0.009100000000000006, 0.0166, -0.0961, 0.08266666666666667, -0.07080000000000002, -0.043666666666666666, -0.03453333333333333, 0.1425, -0.09696666666666666, 0.06843333333333333, -0.028066666666666674, -0.015066666666666664, -0.05826666666666667, 0.059699999999999996, 0.04700000000000001, 0.00026666666666666505, 0.11943333333333335, 0.01846666666666667, 0.010366666666666668, 0.21623333333333336, -0.1318, 0.07633333333333334, -0.05453333333333333, -0.09543333333333333, -0.0214, 0.05573333333333333, -0.056633333333333334, -0.17289999999999997, 0.10086666666666666, 0.08313333333333334, 0.038566666666666666, -0.17416666666666666, 0.1387, 0.07436666666666668, -0.10016666666666667, 0.0851, 0.0336, 0.04723333333333335, -0.0491, -0.0349, 0.03546666666666667, 0.03526666666666667, 0.08513333333333334, 0.09643333333333333, 0.017166666666666667, 0.15626666666666666, -0.10329999999999999, -0.08123333333333334, 0.020166666666666666, 0.12243333333333334, -0.042100000000000005, 0.007966666666666669, 0.07709999999999999, 0.030933333333333337, 0.03496666666666666, 0.006000000000000001, 0.0205, 0.0471, 0.0599, -0.0305, 0.011266666666666666, -0.0747, -0.06949999999999999, 0.0431, 0.09973333333333334, 0.015033333333333327, 0.10476666666666667, -0.1032, 0.006833333333333333, 0.16126666666666667, -0.1774, -0.03533333333333333, -0.17936666666666667, -0.1322, 0.10259999999999998, 0.1431, -0.09693333333333333, -0.0457, -0.040266666666666666, -0.058533333333333326, -0.024300000000000006, -0.15666666666666668, 0.005633333333333337, -0.0709, 0.06966666666666667, -0.03613333333333334, -0.11753333333333334, -0.03126666666666667, 0.09153333333333334, -0.0873, 0.14223333333333332, -0.010700000000000003, 0.36106666666666665, -0.04276666666666667, 0.06083333333333334, 0.04836666666666667, -0.0468, 0.03513333333333333, -0.10406666666666665, 0.0939, 0.017033333333333334, 0.057966666666666666, -0.02993333333333333, -0.14736666666666667, 0.11246666666666666, -0.17526666666666665, -0.00993333333333333, -0.46973333333333334, 0.06733333333333334, -0.016866666666666665, -0.1372, -0.10813333333333332, 0.008466666666666664, -0.22616666666666665, 0.13443333333333332, -0.008033333333333337, -0.06243333333333334, 0.013366666666666666, -0.0483, -0.10479999999999999, 0.06713333333333334, 0.016, -0.08266666666666668, 0.021566666666666668, -0.030199999999999994, -0.0426, -0.02413333333333333, 0.15126666666666666, -0.06656666666666668, -0.05166666666666667, -0.008566666666666667, -0.15696666666666667, 0.08413333333333334, 0.0005333333333333301, 0.081, -0.10206666666666668, -0.0241, -0.027466666666666667, 0.06953333333333334, 0.13326666666666667, 0.11010000000000002, -0.09576666666666667, 0.04776666666666666]",journey non-classical computation ii initial journey waypoints
18,"[-0.0368, 0.0005, -0.0459, 0.0676, 0.104, 0.019, -0.0697, 0.1677, -0.0797, -0.0377, -0.0982, -0.0394, 0.0001, -0.0916, 0.0448, 0.0539, -0.0819, 0.0114, -0.0193, 0.0549, 0.0079, -0.1864, -0.0672, 0.0667, 0.0487, 0.0736, -0.0141, -0.1504, -0.0628, -0.1436, 0.0651, -0.126, 0.0386, 0.1148, -0.1031, 0.0894, 0.1108, -0.1454, 0.0183, 0.022, -0.137, 0.044, 0.0232, -0.0465, -0.149, -0.047, 0.104, 0.0731, -0.0038, -0.0299, -0.1908, -0.0658, -0.7971, 0.0138, -0.0606, 0.0767, -0.2714, 0.1956, 0.0379, 0.0008, -0.0431, 0.154, -0.1778, -0.0207, -0.0339, 0.0572, -0.0423, -0.1495, -0.0149, 0.0628, -0.0299, 0.0085, -0.0723, 0.0066, -0.0038, 0.0345, 0.1526, -0.0469, 0.0604, 0.0098, -0.1015, 0.1899, 0.0574, -0.1988, -0.0168, -0.1809, -0.0217, -0.0119, 0.0993, 0.2323, -0.0829, -0.0312, 0.0613, 0.1047, 0.1521, -0.0593, 0.033, 0.1256, -0.0166, -0.155, -0.1873, 0.2101, -0.0178, 0.0326, -0.0009, -0.1524, 0.1592, 0.1918, 0.1284, 0.1098, 0.1001, -0.2297, 0.0417, 0.0045, 0.1597, 0.0653, -0.0882, 0.0387, -0.0688, -0.2705, -0.0469, -0.11, 0.0549, 0.0872, -0.2471, 0.2097, 0.1723, 0.1911, -0.2002, -0.0156, -0.0116, -0.0595, 0.123, 0.0171, 0.0769, -0.3345, -0.0723, -0.1099, 0.1531, -0.0425, 0.0935, 0.0059, 0.0953, 0.226, -0.0532, -0.1001, -0.0058, -0.1267, 0.0901, -0.0032, -0.1491, -0.1916, -0.0288, -0.0488, -0.0165, 0.1048, 0.0803, 0.1778, -0.1235, 0.092, 0.1984, 0.0024, 0.0627, 0.1002, 0.0789, 0.0922, 0.0887, -0.0584, -0.0861, -0.0404, 0.1412, 0.0217, 0.0437, 0.0143, 0.2438, -0.122, 0.3189, -0.1126, -0.0647, 0.0226, 0.1038, 0.0144, -0.214, 0.0639, -0.038, 0.135, 0.1056, -0.2542, 0.0372, 0.1026, -0.1923, 0.1257, -0.1908, 0.0077, 0.0231, -0.0335, -0.032, 0.0456, 0.0874, -0.1074, 0.0042, 0.0861, 0.0547, -0.0817, -0.0413, 0.1594, 0.1623, -0.1395, 0.108, 0.1124, -0.0033, 0.052, 0.0503, 0.0573, -0.0286, 0.0405, -0.1483, 0.1296, -0.0968, 0.1645, 0.219, 0.013, -0.1, 0.0231, -0.0501, -0.1259, 0.0111, 0.1051, 0.0926, -0.1005, 0.056, -0.0842, 0.238, -0.092, 0.0963, 0.0603, 0.072, -0.3254, -0.2323, -0.0148, -0.0698, 0.0073, 0.0135, 0.2491, 0.0007, -0.0084, -0.008, 0.0339, -0.0827, 0.4278, -0.0679, 0.0878, 0.2552, 0.059, -0.0228, 0.117, -0.1514, 0.0266, 0.1364, 0.0219, 0.1116, -0.0815, 0.2761, 0.1629, -0.0411, -0.008, 0.0593, 0.0062, -0.3063, -0.0582, -0.1321, 0.0412, -0.0907, -0.1467, -0.032, 0.2185, 0.0308, 0.0079, -0.0622, 0.0631, -0.112, -0.1593, -0.1577, -0.1284, 0.193, 0.1028, 0.0492, 0.1176, -0.1598, -0.1733, 0.0622, 0.1782, 0.0776, -0.0203, 0.0678, 0.2277, -0.1056, 0.1484, 0.0551, -0.1165]",shallow linear action graph embeddings
17,"[0.113, 0.0171, 0.0046, -0.0704, -0.0254, -0.1498, -0.0239, 0.0958, 0.0113, -0.0223, 0.0563, -0.1232, 0.0677, -0.0675, 0.0401, 0.04, 0.0162, -0.2136, -0.1507, -0.0833, -0.1274, -0.1135, 0.0385, -0.0114, -0.2041, -0.1108, -0.0523, 0.0463, -0.1659, -0.1178, 0.0207, 0.0367, 0.0712, 0.0388, -0.0311, -0.0019, 0.03, 0.1094, 0.1473, -0.1728, 0.0035, 0.0011, -0.0537, 0.164, 0.088, 0.0616, -0.0048, -0.1794, 0.1028, 0.1491, 0.0528, -0.1227, -0.7255, -0.1943, -0.0082, 0.0476, 0.0582, 0.0462, -0.196, -0.1983, -0.0349, 0.1595, 0.0763, 0.1751, -0.084, -0.1073, -0.1835, 0.0315, -0.0151, -0.0089, 0.0434, 0.0306, 0.0627, 0.1771, 0.0516, -0.0911, -0.1072, 0.044, -0.1444, 0.2004, -0.0585, -0.202, -0.267, -0.305, -0.1047, -0.2869, 0.0146, 0.1024, 0.1608, 0.2005, -0.0421, -0.0391, -0.0537, -0.1117, -0.0484, -0.0414, -0.1038, -0.168, 0.0085, -0.0644, -0.1638, 0.0925, -0.1332, -0.1121, -0.006, -0.1073, -0.0424, -0.0156, -0.0106, -0.1114, -0.0773, 0.088, -0.1028, 0.018, 0.1123, -0.1305, 0.0811, 0.1392, 0.0746, -0.3151, -0.0397, -0.0178, -0.1591, -0.0111, -0.0175, 0.1822, 0.0315, -0.0916, -0.0916, -0.1262, -0.1048, -0.0207, 0.268, -0.1959, 0.0752, 0.1028, 0.0006, -0.0129, 0.0302, 0.0281, 0.2352, 0.2563, 0.3169, 0.1808, 0.0, 0.0251, 0.1318, 0.1387, 0.0858, 0.1679, 0.0787, -0.1468, 0.0799, -0.1571, 0.255, -0.0324, 0.1366, -0.0634, 0.1041, 0.0932, 0.0009, 0.1886, -0.0303, 0.0902, 0.0934, 0.0181, 0.0381, -0.0298, -0.033, 0.0863, 0.0446, 0.1684, -0.0215, -0.0736, -0.0462, -0.083, 0.2243, -0.1745, -0.0689, 0.1247, 0.0421, -0.0661, -0.0156, 0.176, 0.0324, -0.0354, 0.1075, 0.0848, -0.065, 0.0173, 0.058, -0.0411, 0.0892, -0.1664, 0.0513, 0.0539, 0.0077, -0.1814, 0.1391, 0.1495, 0.1451, 0.1108, 0.1104, -0.1273, -0.0294, 0.0749, 0.2391, 0.0515, -0.0154, 0.0177, 0.0389, 0.1212, -0.0302, 0.0777, -0.0054, -0.1916, -0.066, -0.1611, -0.1071, -0.1208, -0.0307, -0.2116, 0.0648, -0.0745, -0.174, -0.1757, -0.0765, 0.0224, -0.0709, -0.002, -0.1187, -0.0754, 0.3017, 0.0556, 0.0823, -0.096, -0.1405, -0.2789, -0.2407, 0.0755, 0.0496, -0.0334, 0.0634, 0.0378, -0.0378, 0.0434, -0.0478, -0.0019, -0.2202, 0.294, -0.0532, -0.2159, -0.0052, -0.1383, -0.1074, 0.1544, 0.1274, -0.153, 0.0459, 0.1642, -0.1009, -0.0355, 0.0463, 0.0074, -0.2186, -0.0584, 0.0936, 0.0399, -0.2037, 0.1601, -0.1653, 0.1248, -0.0172, -0.0662, 0.0741, 0.2192, -0.1492, -0.1674, -0.0424, 0.0478, -0.0043, -0.0605, -0.0915, 0.0512, -0.0819, 0.0121, -0.0463, -0.009, 0.1936, -0.0771, -0.0826, 0.0086, 0.0058, 0.2234, -0.1514, -0.0214, 0.0699, 0.1194, -0.0568, 0.1686]",flux interaction
16,"[-0.0028, -0.024, -0.024, 0.3509, -0.1302, -0.0148, -0.0124, -0.1572, 0.098, -0.0856, 0.2142, 0.0612, 0.1725, 0.1935, 0.1702, 0.0843, -0.1624, 0.079, -0.2116, 0.0098, -0.5331, 0.2903, -0.0483, 0.1406, 0.0194, -0.0521, -0.0464, -0.1232, -0.0445, -0.0284, 0.1588, 0.0116, 0.0758, 0.0108, -0.0712, -0.0675, -0.0594, -0.1222, 0.0571, 0.1093, -0.1625, 0.232, 0.1053, -0.0802, -0.0243, -0.0027, -0.1101, -0.049, 0.2752, 0.1353, -0.0957, 0.0023, -1.0053, -0.1258, 0.1098, 0.1504, 0.0964, -0.0243, 0.1195, -0.1331, 0.0258, 0.1561, -0.0186, 0.0667, -0.2576, -0.0749, -0.0574, -0.0846, -0.1291, -0.059, 0.0476, -0.1599, 0.0897, 0.1661, 0.0317, -0.2718, 0.0726, 0.2627, 0.0499, -0.0384, -0.0112, -0.2531, 0.1117, -0.1608, 0.068, 0.2233, -0.0894, 0.0303, 0.2605, -0.1928, 0.0494, -0.0707, -0.0857, 0.0481, 0.1418, -0.0049, -0.026, -0.1171, -0.2355, -0.2349, 0.1162, 0.1112, -0.0985, -0.0296, 0.0437, -0.2039, -0.0231, -0.0684, 0.0492, -0.0808, 0.11, -0.1389, -0.028, -0.0132, 0.2445, 0.0994, 0.1495, 0.1946, 0.1966, 0.0982, 0.1133, -0.0135, 0.0078, 0.0395, -0.0696, 0.1341, -0.0665, 0.0258, 0.0201, 0.0987, 0.1405, 0.2188, -0.0171, 0.0157, -0.1754, 0.0596, 0.0933, 0.0322, -0.0643, -0.0328, 0.2494, 0.0658, -0.1582, -0.168, -0.0037, -0.0648, 0.0466, 0.0172, 0.0409, -0.2168, 0.0139, 0.1891, 0.05, 0.1277, -0.192, 0.0407, 0.1227, 0.094, 0.0007, -0.162, -0.0698, -0.091, -0.0015, 0.3462, 0.1169, 0.0223, 0.1096, 0.1525, 0.1699, -0.1921, 0.041, 0.061, -0.1351, -0.0703, 0.1226, -0.0392, 0.0524, -0.0082, -0.2052, 0.3186, -0.1183, -0.117, 0.1881, -0.1252, 0.0113, -0.0522, 0.0902, -0.0953, -0.2991, -0.0598, -0.1641, -0.1267, -0.0688, -0.1157, 0.0614, 0.0156, -0.1724, 0.051, -0.0788, -0.0356, 0.0449, -0.0997, -0.0076, -0.0562, -0.1161, 0.0889, -0.0664, 0.1651, 0.0619, 0.0991, -0.0434, -0.0943, -0.0152, 0.0007, -0.1016, 0.1265, 0.0642, -0.3406, -0.0551, 0.0116, -0.2935, -0.1115, -0.0472, -0.0618, -0.3927, -0.0337, -0.0707, -0.139, 0.0287, -0.0917, 0.0968, 0.1693, -0.0884, -0.0988, -0.1794, 0.0774, -0.0705, -0.1464, 0.0072, -0.0563, -0.1055, -0.1414, 0.0571, -0.0623, 0.0648, -0.1176, 0.0387, -0.1632, 0.0548, -0.0857, 0.1282, 0.0491, 0.0725, -0.1593, -0.0638, 0.2344, -0.0764, 0.05, -0.0719, -0.0253, -0.1933, -0.0547, -0.1552, -0.0289, -0.5822, -0.0231, 0.1269, -0.0469, -0.0733, -0.1206, -0.1336, 0.0863, 0.0796, 0.1442, -0.0407, -0.1203, 0.1501, -0.0522, -0.0339, -0.0726, -0.1948, -0.1629, -0.0876, 0.0452, 0.0172, 0.2672, 0.0366, 0.0736, 0.0394, -0.0061, 0.1623, 0.2701, -0.0287, 0.0749, 0.0215, 0.0012, -0.0007, 0.1673, -0.0335, 0.118]",deriving bisimulation congruence reactive system
16,"[0.0606, 0.1073, -0.0481, -0.1039, 0.0997, 0.0566, 0.035, 0.0829, -0.0299, 0.0429, -0.0015, -0.1119, -0.063, -0.0862, -0.0683, 0.0302, -0.0059, -0.0655, 0.083, 0.0211, -0.0171, 0.098, 0.0396, 0.1669, 0.0694, -0.0129, -0.0341, -0.1966, 0.0327, -0.2378, 0.1285, -0.0023, -0.1951, -0.0963, -0.155, -0.0789, 0.0354, 0.0575, -0.1325, 0.1222, 0.0864, -0.0362, -0.2087, -0.0186, -0.0274, -0.0243, -0.0385, 0.0105, -0.0213, 0.087, 0.0677, 0.0152, -0.6777, -0.039, -0.0126, -0.0486, 0.1351, 0.1332, 0.0964, 0.0846, 0.1912, 0.0561, -0.0109, 0.0405, 0.0672, 0.1066, 0.0714, 0.0457, -0.0531, 0.0282, -0.1707, -0.0016, 0.0401, -0.0461, 0.1014, 0.0259, 0.2341, 0.0865, -0.0607, -0.0369, 0.044, 0.0437, -0.0282, -0.2351, 0.0309, 0.0582, -0.1526, -0.0127, 0.1603, -0.0533, -0.0868, 0.1037, 0.0498, -0.0701, -0.0971, -0.0204, 0.0834, -0.0593, -0.0812, 0.0502, -0.1993, 0.1472, -0.0532, -0.0846, 0.0618, 0.1108, 0.0166, 0.0616, -0.1315, 0.1893, -0.0341, -0.0538, -0.0059, 0.1428, -0.1631, -0.0747, -0.0407, 0.1922, 0.0428, -0.3282, 0.0199, -0.0877, -0.0725, 0.0082, 0.0809, 0.2129, 0.0553, 0.022, 0.2943, -0.0953, -0.0149, 0.0455, -0.0191, 0.0019, -0.1599, 0.0444, -0.0355, 0.2083, -0.2446, 0.1277, 0.0077, -0.0629, 0.0001, 0.2108, -0.0795, -0.0252, 0.0233, -0.082, 0.0831, 0.0041, -0.0457, 0.052, 0.0975, -0.0008, -0.0302, 0.0987, 0.0119, -0.0317, 0.0645, 0.1219, 0.0129, -0.0051, 0.0138, 0.0784, 0.0921, -0.0619, -0.0251, 0.049, 0.1885, 0.2633, 0.0595, 0.0208, -0.0171, -0.0365, -0.0602, -0.0076, 0.314, -0.1649, -0.0555, 0.0045, 0.0685, -0.0814, -0.0456, -0.0344, -0.0181, -0.085, -0.0687, 0.1475, 0.1325, -0.1263, -0.0047, 0.1167, -0.041, -0.1213, -0.0236, 0.0258, 0.0509, 0.1081, 0.1064, -0.0647, -0.0509, 0.032, -0.0193, -0.1852, 0.0243, 0.0883, -0.0333, -0.1304, -0.1781, 0.0713, 0.138, 0.164, 0.145, -0.0804, 0.0139, -0.1367, 0.0303, 0.0246, 0.1037, 0.1578, -0.1427, 0.0303, 0.0098, 0.1016, -0.127, 0.0103, 0.0213, 0.064, 0.0093, 0.0032, -0.3143, 0.0621, 0.3562, -0.035, 0.0209, -0.2922, -0.1872, -0.0116, -0.242, 0.0524, -0.0227, -0.0298, 0.1223, -0.0109, -0.0399, 0.0973, 0.0072, 0.0363, -0.0676, 0.4321, -0.0383, -0.2882, -0.2562, -0.0808, 0.2764, -0.0223, 0.0267, 0.0084, 0.0386, 0.0672, -0.1108, 0.0841, -0.1336, 0.0576, -0.3148, 0.0671, 0.0443, -0.006, -0.3808, -0.0068, -0.1538, -0.1823, 0.1037, 0.0926, -0.0618, -0.0739, 0.1135, -0.0868, -0.0372, 0.0165, -0.2507, 0.0835, 0.0978, 0.0408, 0.1663, 0.0252, -0.1746, -0.0745, -0.0613, 0.0021, -0.076, 0.0085, -0.007, 0.0097, 0.1815, 0.0184, 0.0134, -0.1684, -0.0587, -0.1079]",graphical theory interactive system proof assistant help
15,"[-0.098, -0.126, 0.0173, 0.2613, -0.1747, -0.0815, -0.0469, 0.0211, 0.0675, 0.092, 0.1243, -0.0823, 0.0218, 0.0088, 0.1514, 0.0931, -0.1552, -0.1228, -0.2056, 0.0059, -0.3645, 0.1268, 0.1099, 0.1878, 0.0006, -0.0303, -0.0925, -0.1022, -0.0804, 0.026, 0.0956, -0.0635, 0.1138, -0.2039, -0.0531, -0.0465, -0.0185, -0.1221, 0.0563, 0.0578, -0.0673, -0.0605, 0.0434, -0.0407, -0.0023, -0.0701, -0.0883, -0.0434, 0.3072, 0.2386, -0.1238, -0.0311, -0.9745, -0.0866, 0.0767, 0.0359, -0.0119, -0.1021, -0.0977, -0.0173, 0.0679, 0.038, -0.1511, 0.247, -0.1481, -0.1242, 0.0177, -0.1622, -0.1445, 0.0355, 0.0471, 0.0403, 0.0607, 0.0197, 0.0489, -0.1107, 0.0871, 0.1187, -0.0699, -0.1293, 0.0252, -0.3091, 0.1152, -0.2024, 0.0278, 0.1162, -0.0697, -0.0891, 0.0747, -0.0604, 0.0795, -0.0797, -0.0326, -0.0012, 0.2312, 0.2114, -0.1293, 0.0942, -0.1523, -0.0995, 0.0788, 0.0725, -0.0584, 0.1465, 0.0594, -0.2225, -0.0121, -0.0293, -0.0071, -0.0309, 0.0543, -0.1293, -0.012, -0.0114, 0.1902, 0.1258, 0.1832, 0.0244, 0.1546, 0.0421, 0.1061, 0.0828, -0.0088, 0.0628, 0.0739, 0.1153, -0.0801, 0.0201, 0.1034, 0.0279, 0.072, 0.1004, -0.1037, -0.1656, -0.168, 0.072, 0.0823, -0.1782, -0.0518, 0.056, 0.1231, -0.0333, -0.0579, -0.0718, -0.0354, 0.1384, -0.0002, 0.1783, 0.0596, -0.2631, -0.0745, -0.0321, -0.0715, 0.2401, -0.0911, -0.1431, -0.0159, -0.0449, -0.0284, -0.0632, -0.0183, -0.0809, 0.0678, 0.2803, 0.0637, 0.1379, 0.0607, 0.138, 0.082, -0.1402, 0.0028, -0.0179, 0.03, -0.1767, 0.037, 0.0603, 0.0998, -0.0056, 0.0236, 0.252, -0.1342, -0.0898, 0.0843, -0.0029, -0.0381, 0.1598, 0.1519, -0.0833, -0.2233, 0.0126, -0.118, -0.1301, -0.006, -0.0311, 0.0183, -0.0162, 0.0158, 0.0479, -0.1333, -0.1907, 0.1573, -0.0232, -0.0461, -0.0773, -0.0484, 0.0101, 0.0503, -0.006, 0.1842, 0.0137, -0.0774, -0.0713, 0.0479, 0.0855, -0.1632, 0.1782, -0.0276, -0.0671, -0.0297, 0.0793, -0.1859, -0.002, -0.1018, 0.0322, -0.21, 0.0098, -0.1592, -0.1233, -0.0671, 0.0439, 0.007, 0.2831, -0.0287, -0.09, 0.1457, 0.0955, -0.0681, -0.0293, 0.0958, -0.0752, -0.1681, 0.0161, 0.0733, -0.1687, 0.0343, -0.0597, -0.2261, 0.0465, 0.0881, -0.1409, 0.2051, -0.0577, -0.0132, -0.2002, -0.0885, 0.0637, -0.1104, -0.0897, -0.0163, 0.1808, -0.1389, 0.0369, -0.0127, -0.0298, -0.5063, 0.0062, -0.0049, 0.1368, -0.0829, -0.0673, -0.0787, -0.1613, 0.0784, -0.0229, -0.1873, -0.0237, 0.1897, 0.1019, -0.0361, -0.1288, 0.047, -0.0677, 0.0158, 0.0047, 0.0897, 0.2127, 0.0345, -0.0599, 0.0523, 0.0037, 0.0722, 0.1329, -0.0801, 0.0001, 0.1025, -0.0788, 0.0972, 0.1243, -0.0237, 0.0381]",communicating mobile system - pi-calculus
14,"[-0.1388, -0.0556, -0.124, -0.1049, -0.0184, -0.0115, -0.1429, 0.0292, 0.1033, 0.0791, 0.104, -0.0177, -0.0601, -0.0364, 0.0551, 0.2457, -0.1114, 0.0385, -0.1034, -0.1171, -0.3082, -0.1512, 0.0312, 0.0942, -0.0605, -0.2629, 0.0064, 0.083, -0.0679, 0.0003, 0.1932, 0.0218, 0.0166, 0.1223, 0.0926, -0.2065, -0.031, 0.0677, 0.0258, -0.2218, 0.0116, -0.0402, 0.0651, 0.0211, 0.1981, -0.0757, 0.0733, -0.1691, 0.2105, 0.0795, 0.2004, -0.1326, -0.8039, -0.0607, -0.1261, 0.0417, -0.1356, -0.2247, 0.0575, 0.1721, -0.0606, -0.3639, -0.15, 0.0072, -0.0388, -0.1951, 0.0232, -0.1974, 0.0612, -0.0399, 0.0555, 0.0539, 0.0635, 0.3117, -0.2318, -0.0088, -0.1972, -0.013, -0.0451, -0.1774, -0.0319, -0.1364, -0.3024, -0.1869, -0.0008, 0.0553, 0.1214, 0.0496, 0.2483, -0.0481, 0.1364, -0.1053, 0.1665, -0.077, 0.0366, 0.0715, -0.1911, -0.0521, 0.1779, -0.0304, -0.0868, 0.1478, -0.2379, -0.0782, 0.0009, -0.287, 0.0029, 0.0414, -0.1382, -0.2037, 0.0243, -0.0221, 0.189, 0.0537, 0.0699, 0.3113, 0.1421, -0.2335, -0.0006, -0.2654, -0.0376, 0.0149, 0.0103, -0.0423, -0.0283, 0.1398, 0.0934, -0.0434, -0.0628, 0.1195, 0.1412, -0.2156, 0.4129, 0.0391, 0.1411, 0.0555, 0.0238, 0.0488, 0.0695, -0.1406, -0.1894, 0.1776, 0.0251, 0.1827, 0.2277, 0.0323, 0.1479, 0.061, -0.0803, -0.1663, 0.0501, 0.2518, -0.062, 0.0978, 0.2359, -0.2, -0.0195, 0.1717, -0.0993, 0.2212, -0.1955, 0.0028, 0.0286, 0.2683, 0.1069, -0.0817, 0.0682, 0.1614, 0.0586, 0.141, -0.0771, -0.0208, 0.1365, -0.0649, 0.0047, -0.0031, 0.2954, 0.0251, -0.0409, 0.0129, 0.0142, -0.051, -0.0462, 0.1393, -0.0807, -0.0539, 0.0024, -0.0169, -0.2847, 0.0419, 0.1159, 0.1474, -0.176, 0.0059, -0.1814, 0.2379, 0.0824, -0.2339, -0.027, -0.1051, 0.2204, -0.036, -0.1208, 0.1347, 0.0179, 0.1371, 0.1202, -0.1889, 0.1548, 0.0461, 0.0116, -0.0902, -0.0037, -0.1327, 0.1351, -0.0758, 0.096, -0.0555, -0.2413, 0.1583, -0.2166, 0.1, -0.195, 0.1711, 0.0029, -0.1797, 0.1852, -0.109, -0.0058, -0.0552, 0.1472, -0.1284, 0.2487, -0.1602, -0.0693, -0.1957, -0.0567, 0.0051, -0.1717, 0.1488, -0.0106, 0.0953, -0.0651, -0.0178, 0.0437, 0.0308, -0.1961, 0.1817, -0.0396, 0.4116, -0.05, -0.1878, 0.1897, -0.1309, -0.009, 0.1172, -0.0124, 0.2388, 0.0256, -0.0806, -0.1403, 0.1167, 0.0446, -0.0085, -0.4349, -0.0338, -0.0098, -0.1984, 0.0859, -0.1497, 0.0305, 0.0689, 0.2378, 0.0414, -0.2162, -0.0027, 0.0194, 0.1136, 0.1545, -0.1712, 0.2155, 0.0024, -0.0717, 0.0398, -0.0677, -0.2273, 0.3367, -0.0404, 0.0916, 0.1138, -0.075, -0.0815, -0.0548, 0.1769, -0.0766, -0.3173, 0.0668, 0.0435, -0.0292, -0.0966]",pi calculus application keynote address
13,"[-0.0749, -0.2183, 0.0952, -0.0258, -0.0812, 0.123, 0.2344, 0.1927, -0.0357, -0.1888, 0.0952, -0.2959, 0.0669, 0.1257, 0.1963, -0.0589, -0.0102, -0.1103, -0.0194, 0.12, -0.2637, 0.0866, 0.0335, 0.2926, 0.0532, -0.0677, 0.2588, -0.2607, 0.136, 0.0107, -0.0846, -0.0173, -0.049, -0.1263, 0.0242, 0.1405, 0.0044, 0.0385, 0.1121, 0.2345, -0.1874, 0.0873, -0.155, 0.2361, -0.2401, 0.0055, -0.1227, 0.1487, 0.0016, 0.2336, -0.0694, -0.0091, -0.8024, 0.1474, 0.1711, -0.0973, 0.0781, -0.1643, 0.0768, 0.0777, 0.0925, 0.3885, 0.1049, 0.0882, -0.1103, -0.0901, 0.0783, -0.0846, -0.2199, -0.123, -0.1184, -0.2494, 0.166, -0.0138, -0.0314, -0.22, -0.0249, -0.1068, 0.2657, 0.2222, -0.0082, -0.0197, -0.2792, -0.2037, -0.0179, 0.1374, -0.3428, -0.0887, 0.2182, 0.0387, 0.1238, -0.1132, -0.1159, 0.1402, -0.1551, -0.0399, 0.1091, -0.0299, -0.1129, 0.0214, 0.1611, -0.0944, 0.046, 0.0821, -0.1848, -0.1097, -0.1072, -0.0628, 0.2017, -0.2265, -0.1473, 0.0838, 0.0311, -0.3097, 0.251, 0.0677, 0.0864, -0.0436, 0.068, -0.2308, 0.0428, 0.2331, -0.0996, 0.0961, -0.0122, -0.0485, -0.0193, 0.1036, -0.0542, 0.0646, 0.2695, -0.09, -0.0898, -0.2684, -0.0346, -0.0039, -0.1481, -0.0149, -0.0697, -0.134, 0.0138, 0.1655, 0.0486, 0.0809, -0.0164, -0.1103, -0.0279, -0.2346, -0.1908, -0.1761, 0.1578, -0.1408, 0.0094, -0.029, -0.1148, 0.14, -0.0526, 0.0637, 0.2179, 0.1071, -0.1472, -0.0306, 0.0973, 0.1712, 0.0658, -0.1247, 0.0684, -0.0374, -0.0422, -0.1715, 0.0955, 0.2238, -0.0525, 0.2878, -0.1175, 0.0142, 0.2013, -0.0125, 0.1758, 0.1366, -0.3445, 0.1767, 0.1843, -0.0422, -0.3482, -0.0779, 0.0669, -0.125, -0.1955, -0.0585, 0.0915, 0.0148, -0.0342, 0.0386, 0.1353, 0.0771, -0.1227, -0.1143, 0.1532, 0.1669, -0.1375, -0.0023, -0.1227, -0.0928, -0.0221, 0.033, -0.2443, 0.1307, 0.0626, -0.1959, -0.1501, -0.1431, -0.1784, 0.0125, 0.1491, -0.201, 0.2115, -0.1284, -0.1394, -0.0361, -0.1679, 0.0643, -0.208, -0.2464, -0.4607, -0.1044, -0.2236, -0.2827, 0.0257, -0.2013, -0.0711, -0.3308, 0.1256, -0.1576, -0.1441, -0.0838, -0.0706, -0.0372, -0.1173, -0.0137, -0.1102, -0.0301, 0.147, -0.1709, -0.0098, -0.0438, -0.2052, -0.1576, -0.334, 0.2719, -0.038, -0.0553, 0.0701, -0.1579, -0.1858, 0.0278, 0.0688, 0.1738, 0.02, -0.2933, -0.278, 0.3132, 0.0024, 0.1469, -0.2963, 0.0781, -0.0945, 0.2321, -0.0739, 0.1571, -0.0032, -0.0587, -0.1251, -0.2098, -0.1284, -0.0744, -0.0714, -0.0162, -0.0502, 0.0767, 0.0606, -0.1189, 0.0048, 0.0699, -0.0441, -0.1024, 0.1674, 0.0051, 0.2516, -0.0537, 0.0678, 0.1795, 0.1173, 0.0692, -0.1762, -0.0925, 0.0724, 0.0774, -0.0284, 0.1169]",strong normalisation higher-order action calculus
12,"[-0.07995, -0.016300000000000002, 0.10525, 0.1846, -0.029099999999999997, 0.0127, 0.0030000000000000027, -0.0174, 0.08755, 0.011749999999999998, 0.0336, 0.0211, -0.02715, 0.009150000000000002, 0.0095, 0.008300000000000002, -0.08370000000000001, -0.0689, 0.0877, -0.013850000000000001, -0.2511, -0.16995000000000002, 0.024650000000000002, 0.1095, -0.0539, -0.009850000000000001, 0.15365, 0.14035, -0.0358, -0.0437, 0.117, -0.08080000000000001, -0.01725, -0.030350000000000002, 0.1066, -0.01795, -0.02195, 0.09655, -0.13365, 0.13260000000000002, 0.09029999999999999, -0.0087, 0.05765, 0.049199999999999994, 0.09405, 0.02205, -0.061950000000000005, -0.06515, 0.0581, 0.0207, 0.07955000000000001, -0.1734, -0.82145, -0.049049999999999996, -0.028250000000000004, 0.008800000000000002, 0.0239, 0.01245, 0.041400000000000006, -0.054200000000000005, 0.048749999999999995, 0.05629999999999999, -0.06855, -0.06295, 0.0741, -0.05299999999999999, 0.034199999999999994, 0.0116, -0.025550000000000003, 0.1321, 0.0601, 0.15165, 0.019549999999999998, 0.09539999999999998, -0.12265000000000001, 0.2399, -0.0057, 0.18569999999999998, 0.040400000000000005, -0.04595, 0.0022, -0.08015, 0.0263, -0.1765, -0.0827, 0.0776, -0.02505, 0.10885, 0.06985000000000001, -0.09179999999999999, -0.15555, -0.1508, -0.01185, -0.1781, 0.14815, -0.006400000000000003, 0.04915, -0.0431, -0.08945, 0.13735, -0.030850000000000002, -0.11275, 0.11515, -0.1517, -0.0017999999999999995, 0.10200000000000001, 0.04185, -0.015549999999999998, 0.1217, 0.017049999999999996, 0.0482, 0.0786, 0.05905, 0.16325, 0.023649999999999997, -0.011200000000000002, -0.01245, -0.04595, -0.17704999999999999, -0.2226, -0.041550000000000004, -0.08174999999999999, 0.13394999999999999, -0.0793, -0.0237, 0.06384999999999999, 0.16105, -0.003949999999999995, 0.09309999999999999, -0.0039000000000000007, 0.0329, 0.0092, 0.009499999999999995, 0.0489, 0.15264999999999998, -0.01995, 0.11339999999999999, -0.07555, -0.11825, -0.05805, -0.02955, -0.13405, -0.12955, -0.024099999999999996, -0.1061, -0.06520000000000001, 0.0269, 0.11915, 0.04905, 0.026550000000000004, -0.07064999999999999, 0.009100000000000002, 0.07735, 0.09519999999999999, 0.01225, 0.1484, 0.09695000000000001, 0.11145, -0.0689, 0.05500000000000001, -0.13375, -0.08825, 0.13965, 0.23595, 0.0969, 0.049449999999999994, -0.00935, 0.09745, 0.0811, -0.02735, 0.03365, -0.0423, -0.20235000000000003, -0.00605, 0.10255, -0.013850000000000001, 0.17305, -0.020200000000000003, 0.03645, 0.0341, -0.05375, -0.04165, 0.1008, -0.04675, -0.07245, -0.19455, 0.07435, -0.21305000000000002, -0.20485, 0.0852, 0.00995, 0.14155, 0.09535, -0.01985, 0.1562, -0.0451, -0.02435, 0.00655, 0.03985, 0.16985, 0.046700000000000005, -0.162, 0.07445, -0.0007000000000000001, 0.06665, 0.17165, -0.20429999999999998, -0.08075, 0.26455, 0.0127, 0.0040000000000000036, 0.07125000000000001, -0.008849999999999997, -0.1414, -0.0798, 0.04225, -0.0601, 0.10025, 0.028200000000000003, 0.0563, -0.06375, -0.11485, -0.0185, -0.09655, 0.058649999999999994, -0.2528, 0.0797, -0.09465, 0.10105, -0.006849999999999995, 0.13055, -0.0713, 0.16905, -0.26925, -0.0477, -0.04225, 0.07435, -0.19135000000000002, -0.06874999999999999, 0.0239, -0.07655, 0.14165, -0.14025, -0.02975, 0.022650000000000003, 0.004500000000000004, 0.052, -0.013750000000000002, 0.06960000000000001, 0.21435, -0.00015000000000000083, 0.132, 0.25575, 0.10645, -0.0496, -0.05085, -0.09935000000000001, -0.045399999999999996, -0.16205, -0.042749999999999996, 0.1748, -0.0625, -0.012849999999999999, 0.008400000000000005, -0.36635, 0.0713, 0.02375, -0.0040999999999999995, -0.13675, 0.07819999999999999, 0.055099999999999996, -0.0022, -0.0123, 0.0424, 0.0848, -0.03845, 0.0923, 0.026150000000000007, 0.059000000000000004, 0.10250000000000001, 0.018500000000000003, 0.0767, -0.04795, 0.10985, 0.0276, 0.029449999999999997, -0.10690000000000001, -0.2233, -0.13165, 0.1291, -0.14205, -0.08455, 0.06215, 0.13815, 0.18635000000000002, -0.04375, -0.012600000000000002, -0.0606, 0.15755, -0.0996]",interview robin milner
11,"[0.2296, -0.0924, 0.0955, 0.1007, -0.0248, -0.0772, 0.2896, 0.0985, 0.109, 0.0551, 0.1372, -0.0442, 0.0749, 0.108, 0.2003, 0.1089, 0.03, 0.0287, 0.1119, -0.0348, -0.307, 0.0748, -0.1778, 0.023, -0.0562, -0.1349, 0.0531, -0.1073, 0.2143, 0.1353, -0.0184, -0.1001, 0.0198, 0.1237, 0.002, 0.0856, 0.0718, -0.1173, 0.0581, -0.1529, -0.2109, 0.0905, 0.0071, -0.0163, -0.0435, -0.0334, -0.1352, -0.0482, 0.2151, 0.1507, -0.0733, 0.2974, -0.9069, 0.1355, -0.0581, 0.1494, -0.0307, 0.0028, -0.1311, 0.0152, 0.0436, -0.0438, -0.0017, 0.1116, -0.127, -0.0457, 0.1143, 0.031, 0.0796, -0.165, 0.0614, -0.168, 0.0334, 0.0969, -0.001, -0.0774, 0.0415, -0.0946, 0.0409, -0.0263, 0.0368, -0.0614, -0.0276, -0.0515, 0.031, 0.0113, -0.1783, -0.1075, -0.129, -0.1132, 0.2398, 0.0231, -0.038, 0.0974, -0.0011, 0.0508, 0.06, -0.0912, 0.0343, -0.1281, 0.0556, -0.1303, -0.0317, 0.005, -0.0859, -0.0764, 0.0364, 0.0517, 0.0459, -0.0285, -0.1046, 0.0447, -0.0121, -0.1027, 0.0575, 0.0791, 0.027, -0.0677, 0.1416, 0.0632, -0.1414, -0.1621, -0.1082, 0.0133, 0.0056, 0.0462, -0.2895, 0.2359, 0.002, 0.1049, 0.1875, 0.1074, -0.0067, -0.0351, -0.1862, 0.0155, -0.0532, -0.0173, -0.1378, -0.0006, 0.0727, -0.1007, 0.0276, -0.0857, 0.0005, 0.0875, 0.1742, -0.0247, -0.0743, -0.099, 0.0472, -0.0766, -0.0325, -0.0495, 0.086, -0.0247, -0.0545, 0.0052, 0.0882, -0.1178, 0.1721, 0.1199, 0.0241, 0.1776, 0.1872, 0.1279, 0.0382, -0.0103, 0.0442, -0.1163, 0.1298, -0.0701, -0.1403, -0.191, 0.1099, -0.0623, 0.1055, -0.142, -0.0921, 0.1014, 0.0269, 0.0374, 0.0938, -0.1782, -0.2973, 0.3533, 0.0938, -0.092, 0.1775, -0.069, -0.0408, -0.2044, 0.074, 0.0265, -0.1896, 0.0069, -0.0719, 0.0069, -0.0032, -0.0644, -0.0492, 0.3428, 0.0382, 0.0486, -0.0191, -0.0119, -0.0731, -0.1339, -0.0231, 0.1255, -0.1073, 0.0198, -0.0811, 0.0405, 0.0097, 0.089, 0.0081, -0.1823, -0.2092, -0.1409, -0.1133, 0.0466, -0.0974, -0.1971, -0.0131, -0.2343, -0.032, 0.0477, 0.1149, 0.0295, -0.0589, -0.1091, 0.0352, -0.0667, 0.0589, -0.0385, 0.0606, -0.1424, -0.0509, 0.0932, -0.0409, -0.0757, 0.1954, -0.0306, -0.0777, 0.1746, -0.1249, 0.056, -0.0743, -0.1018, 0.1671, -0.182, 0.0592, -0.0147, 0.0013, 0.2761, -0.1971, -0.0069, 0.0632, 0.091, 0.1221, 0.1687, -0.2193, 0.2062, -0.134, -0.2725, 0.1452, 0.0389, -0.1773, -0.0548, -0.1998, 0.044, 0.0415, -0.1018, -0.0412, 0.0359, -0.0422, -0.1249, -0.0274, 0.0562, -0.0142, 0.0238, 0.0139, 0.0519, -0.0265, 0.1056, 0.1075, 0.0131, -0.0913, -0.0151, -0.0416, -0.1204, -0.0176, 0.0678, 0.0456, 0.0299, -0.0198, 0.1307, 0.1644, -0.0312]",compositional protocol verification using relativized bisimulation
11,"[-0.0232, -0.0108, -0.0478, 0.1935, 0.0571, -0.0123, 0.0229, -0.023, 0.0795, 0.0935, -0.0481, -0.1218, 0.0736, 0.0556, 0.1135, 0.0275, -0.1333, 0.0511, -0.1397, 0.0322, -0.1349, 0.1385, -0.021, 0.0501, -0.0317, -0.0184, 0.0322, -0.045, 0.0093, 0.0647, 0.1227, -0.0123, 0.0627, -0.0662, -0.0152, -0.0879, -0.0278, -0.0855, 0.0021, -0.0075, -0.0906, 0.009, 0.0579, -0.0192, -0.1561, -0.0498, -0.0006, 0.0002, 0.2463, 0.206, -0.1128, 0.0083, -0.9054, -0.0266, 0.0086, 0.1934, 0.0507, -0.1805, -0.0367, 0.0779, -0.0084, 0.0292, -0.0285, 0.026, 0.0423, -0.0734, 0.0336, 0.0194, -0.0042, 0.1303, 0.1063, -0.132, -0.0167, 0.0031, -0.0027, -0.0802, -0.0198, -0.059, 0.0468, -0.0769, 0.0093, -0.1677, 0.0593, -0.0478, -0.0369, 0.1916, -0.1231, -0.0765, 0.1155, 0.0205, 0.1609, 0.0338, 0.0171, -0.0149, 0.0773, 0.0487, 0.0475, 0.0122, -0.1027, -0.0826, 0.0066, 0.0295, -0.0246, 0.0282, -0.0211, -0.0679, -0.0527, -0.032, -0.0393, -0.017, 0.0704, -0.0536, 0.0563, -0.0964, 0.0668, 0.2015, 0.0991, -0.0506, 0.1063, 0.0546, -0.0142, -0.0663, 0.0594, 0.0326, 0.0168, 0.0229, -0.0769, 0.1145, -0.0256, 0.0189, 0.03, 0.0361, 0.0474, -0.0767, -0.0697, -0.0624, 0.0025, -0.0866, 0.0097, 0.0464, 0.0679, 0.0727, -0.0333, -0.0629, -0.0137, 0.0909, 0.129, 0.0509, 0.0174, -0.1403, -0.0542, 0.0589, -0.0102, 0.1132, -0.0019, 0.0237, 0.0859, 0.0113, -0.0261, -0.0646, 0.0, 0.0679, -0.0656, 0.2032, 0.0191, 0.0051, 0.1486, -0.0344, 0.0231, -0.0113, 0.0483, 0.0175, -0.0239, -0.0985, 0.0651, 0.0184, 0.0967, -0.0734, 0.0042, 0.1797, -0.1067, -0.0076, 0.1175, -0.0103, -0.1171, 0.1986, 0.0508, -0.0379, 0.108, -0.046, -0.1146, -0.0761, -0.0911, -0.0534, -0.0233, -0.0569, 0.0106, -0.0271, -0.0661, -0.1438, -0.0335, 0.0644, -0.0552, 0.0132, -0.1371, -0.04, 0.0348, 0.031, -0.0392, 0.0512, -0.225, -0.0172, -0.0569, -0.0001, -0.0447, 0.1087, 0.0008, -0.1492, 0.0591, -0.0069, -0.1367, 0.1043, -0.1191, 0.0146, -0.0926, 0.0261, -0.0272, -0.0164, 0.0803, 0.0203, 0.0262, 0.0225, 0.0081, -0.0722, -0.0138, -0.0754, -0.0098, -0.2109, 0.022, 0.0234, -0.0285, -0.001, 0.1018, -0.1233, 0.0536, -0.0363, -0.0637, -0.012, -0.0649, -0.1072, 0.0547, 0.0138, -0.073, -0.1043, -0.0473, 0.0889, -0.0054, 0.0216, 0.0429, 0.0188, -0.0914, 0.0292, 0.0122, 0.0996, -0.2312, -0.0991, 0.02, 0.06, -0.1194, -0.0598, -0.1213, -0.035, 0.0414, 0.0584, -0.0032, -0.0353, 0.0397, -0.0111, 0.0325, -0.0428, -0.0132, -0.0267, -0.0441, 0.0807, 0.0335, 0.1198, 0.0424, 0.0054, 0.1319, 0.0154, 0.0021, 0.1021, -0.0127, 0.0744, 0.0227, -0.0465, 0.0249, 0.071, 0.0338, 0.0871]",polyadic pi-calculus abstract
11,"[0.0354, 0.0985, 0.0958, 0.0423, 0.1137, 0.0317, -0.0516, 0.1269, -0.1837, 0.0582, 0.0183, -0.0186, -0.1499, -0.0084, -0.0155, -0.0954, 0.181, 0.1096, -0.3164, 0.0214, 0.0146, 0.1424, -0.1677, -0.0904, -0.2806, 0.3512, 0.0005, -0.1611, 0.1205, 0.072, -0.0656, -0.2022, -0.1145, 0.0634, -0.0143, -0.1374, -0.155, -0.1252, 0.284, -0.1992, 0.0288, 0.0051, 0.3144, -0.1544, -0.0571, 0.1796, -0.0176, 0.0023, 0.0284, 0.02, 0.1074, 0.2223, -0.9151, -0.0835, 0.1227, 0.0103, -0.1, 0.0954, 0.1076, 0.1196, 0.0973, 0.1355, 0.0209, -0.2617, -0.1577, 0.0796, -0.0115, -0.2277, -0.2527, -0.1002, 0.1869, -0.258, -0.0486, 0.2782, 0.1221, 0.1155, -0.1302, 0.1096, -0.0679, -0.432, 0.1777, -0.2505, -0.0159, -0.2424, -0.1628, 0.1129, 0.1962, -0.0996, 0.194, -0.0015, -0.0945, -0.061, -0.0228, -0.0534, 0.0319, 0.0861, 0.2157, 0.2066, -0.1059, 0.0625, -0.1466, 0.0618, 0.0448, -0.2443, -0.0249, 0.1447, 0.0563, -0.1027, 0.1608, 0.1199, -0.0754, -0.0887, -0.0754, -0.1116, -0.0315, -0.1305, -0.0544, -0.1989, 0.2864, -0.0884, 0.0583, -0.1567, -0.0301, 0.1281, -0.2056, 0.1525, -0.1243, 0.0447, -0.0308, -0.1671, 0.041, 0.0069, 0.1138, -0.2117, -0.0322, -0.2883, 0.1191, -0.0484, 0.165, -0.0186, -0.0999, 0.0393, 0.0966, 0.1481, -0.2185, 0.053, 0.1307, -0.168, 0.0998, 0.2379, -0.2435, -0.0913, -0.0009, 0.1245, 0.1282, 0.1731, 0.2047, 0.2555, -0.3168, 0.1048, 0.1417, 0.0019, 0.0119, 0.043, 0.1608, -0.034, -0.0039, 0.0053, -0.1012, 0.3029, 0.1723, -0.029, 0.0441, 0.1683, 0.1337, -0.1599, 0.3538, -0.2276, -0.0831, -0.0662, -0.1443, -0.2231, 0.0515, 0.023, 0.0619, -0.1218, -0.0958, -0.1067, 0.1194, -0.0947, -0.1091, -0.019, -0.0619, -0.2324, 0.0789, 0.0567, 0.1198, -0.1469, 0.1816, -0.0308, 0.2384, -0.0717, 0.0379, -0.1743, 0.2978, 0.1204, 0.2393, 0.194, 0.1417, 0.1482, 0.1046, -0.0897, -0.029, -0.1193, -0.1755, -0.134, -0.1089, -0.0947, -0.2275, -0.0977, -0.1537, -0.0247, 0.0259, 0.1026, -0.3045, -0.3122, -0.095, 0.1008, 0.1045, -0.2829, 0.0574, 0.0395, 0.1325, -0.1696, -0.0033, 0.0644, 0.0909, -0.3015, -0.1802, -0.0125, 0.0488, 0.0539, -0.2427, -0.0841, -0.0799, -0.1522, -0.2032, -0.0229, 0.0495, 0.4813, 0.0002, 0.0088, 0.2097, -0.151, -0.0792, 0.0835, -0.1509, -0.0476, 0.1746, -0.1234, 0.0272, -0.1045, -0.0382, -0.1218, -0.2112, -0.033, 0.2743, -0.1112, -0.168, 0.2449, -0.2526, -0.0205, -0.1384, 0.1903, -0.1798, 0.0178, 0.1112, 0.1578, 0.1652, -0.1061, -0.2446, -0.0522, -0.2084, -0.0595, -0.0163, 0.163, -0.0889, -0.1398, -0.2288, 0.1533, 0.1757, -0.0984, 0.0676, -0.2378, 0.0371, -0.062, -0.0155, 0.2277, -0.1702, 0.2309]",barbed bisimulation
11,"[-0.1836, 0.0439, 0.127, 0.0234, 0.2456, 0.062, 0.3256, 0.1228, 0.2951, 0.1399, -0.1328, 0.159, 0.0064, 0.2622, -0.2249, 0.0696, 0.0916, -0.1145, -0.1758, 0.1854, -0.3337, -0.2117, 0.1161, -0.1526, 0.0912, -0.2015, 0.0348, 0.2046, -0.0245, 0.0495, -0.2278, -0.3036, 0.0708, -0.1257, 0.152, -0.0391, 0.165, 0.1063, 0.0773, 0.1319, -0.2201, 0.0356, -0.2345, 0.2322, 0.0808, -0.0636, 0.0292, -0.0126, 0.0328, 0.0459, 0.1508, -0.2771, -0.8009, -0.0193, -0.1539, -0.0628, 0.2635, -0.2392, 0.076, 0.2079, 0.2298, 0.1368, -0.2716, -0.0443, 0.0214, -0.0563, 0.0022, -0.042, 0.1077, 0.0188, -0.1388, -0.1231, 0.0823, 0.1082, 0.1068, 0.1257, -0.1385, 0.0564, -0.0079, -0.4089, -0.0547, -0.035, -0.0077, -0.3384, 0.0415, 0.0978, -0.0689, -0.2012, 0.1975, 0.0968, 0.0841, 0.0553, -0.11, -0.1451, -0.0352, -0.0059, -0.0085, -0.2378, 0.2705, -0.0564, -0.1488, 0.0283, 0.0813, -0.0839, -0.4097, -0.1345, 0.0387, 0.0372, -0.202, 0.0604, 0.2305, -0.0456, 0.0151, 0.2886, 0.0675, 0.0982, -0.0989, -0.0715, -0.1564, -0.3216, -0.2003, -0.1228, -0.0942, 0.065, 0.0519, 0.1535, 0.131, -0.1245, -0.0016, 0.0334, -0.0353, -0.082, 0.2068, -0.0353, -0.2277, 0.0646, -0.0617, 0.0257, 0.1787, 0.0068, -0.0344, 0.0732, 0.0677, 0.1415, 0.0151, -0.0824, -0.0041, -0.1182, -0.0793, 0.023, -0.0229, -0.14, 0.0987, -0.0583, -0.053, 0.0429, -0.0936, 0.0894, 0.1657, 0.2726, 0.0061, -0.0165, 0.0771, 0.0992, 0.097, 0.0242, 0.0608, -0.194, 0.1949, -0.1105, -0.0824, 0.2269, 0.1643, -0.0861, 0.3099, 0.1673, 0.2867, -0.0277, 0.0434, -0.0703, -0.2264, 0.0123, -0.0196, -0.0632, 0.0498, 0.0534, 0.2925, -0.1466, -0.1896, 0.1933, 0.3417, 0.0946, 0.0285, -0.0296, 0.0323, -0.0504, 0.1201, 0.063, 0.1379, -0.0511, 0.0855, 0.0383, 0.1597, -0.0054, 0.1072, 0.0796, 0.0352, -0.0028, 0.0901, 0.0116, 0.0303, 0.0627, -0.3368, -0.0697, 0.0995, -0.093, 0.06, 0.1763, -0.0331, 0.0434, 0.0569, 0.0198, -0.0557, 0.0211, -0.0241, 0.0093, 0.029, 0.1006, -0.1513, -0.0121, -0.0969, -0.285, 0.2634, 0.1731, -0.0007, -0.0088, -0.0713, 0.0695, -0.1931, -0.2879, 0.0609, -0.1521, 0.1341, 0.0651, 0.0063, 0.0181, -0.0627, 0.0577, -0.0052, 0.284, 0.1559, -0.1749, -0.0607, -0.2402, 0.1384, 0.0219, -0.096, 0.0092, 0.0009, -0.2297, 0.1946, -0.0397, 0.1139, 0.1207, -0.5445, 0.1849, -0.0136, 0.1105, 0.2851, -0.2069, 0.0468, 0.0879, 0.0303, 0.0824, -0.1316, 0.366, -0.1418, -0.0363, -0.0883, 0.1169, 0.1387, 0.092, 0.0606, -0.0552, -0.1452, 0.0249, 0.2495, 0.14, 0.0053, 0.0553, -0.1422, -0.1778, 0.1069, 0.1657, -0.154, 0.0769, 0.2999, 0.0165, 0.0591, 0.0691]",semantics ml concurrency primitive
10,"[0.1295, 0.2053, -0.2303, 0.1428, 0.0367, -0.1263, 0.0664, -0.0991, -0.0393, -0.0559, 0.12, 0.1065, 0.0736, 0.1266, -0.2668, 0.1412, -0.031, 0.0339, -0.291, 0.1635, -0.0993, 0.0411, 0.0116, 0.0319, 0.0165, -0.031, -0.092, -0.1711, -0.1245, 0.2138, -0.0188, 0.1083, 0.0932, -0.0494, 0.0066, -0.0198, -0.0353, -0.0906, 0.0273, 0.0087, 0.1147, -0.1127, -0.126, 0.1796, 0.1762, -0.032, 0.0243, -0.1198, -0.0783, 0.0604, 0.1178, -0.1576, -0.7281, -0.0792, -0.2112, 0.0164, -0.0344, -0.1886, 0.0936, 0.0393, 0.3321, -0.1142, -0.0592, 0.1891, -0.367, -0.0667, 0.0882, -0.0186, -0.0375, 0.078, -0.0471, -0.1261, -0.0887, -0.0535, 0.0043, -0.1056, 0.1676, -0.1052, 0.0795, 0.1187, -0.0545, -0.1528, -0.073, -0.1951, -0.0465, 0.0016, -0.1449, 0.0932, 0.0914, 0.0572, -0.1433, -0.147, -0.1565, 0.0681, 0.0142, 0.0111, 0.0523, -0.0839, 0.0276, -0.0571, -0.2029, -0.0317, -0.1159, 0.0174, -0.3524, 0.1153, 0.0653, -0.1094, 0.3027, -0.0559, -0.08, 0.1406, 0.0663, 0.0313, 0.0697, -0.0466, 0.0108, -0.0787, 0.0747, -0.3073, -0.0386, 0.0194, -0.0505, 0.1435, -0.0263, 0.2437, 0.0365, 0.0222, 0.0976, 0.0594, -0.1224, 0.0887, 0.0555, -0.1036, -0.0749, 0.0209, -0.0808, 0.2868, -0.1945, 0.0031, 0.0508, -0.1273, 0.004, 0.2882, 0.1825, 0.0437, 0.0618, 0.0576, -0.0388, -0.0267, 0.1437, 0.1728, -0.1135, 0.015, 0.0657, -0.046, -0.0151, -0.094, 0.0829, 0.0294, 0.2026, 0.1659, 0.0131, 0.1122, -0.0153, -0.0641, 0.06, 0.0265, -0.1811, 0.1397, -0.0149, -0.1023, 0.1138, 0.1126, 0.0261, -0.2258, 0.2807, -0.2985, 0.0737, 0.0737, -0.0015, 0.0793, -0.0333, 0.0432, -0.0322, 0.0498, -0.0362, 0.0381, 0.2863, 0.0505, -0.0099, 0.0635, 0.0842, 0.0159, 0.1017, 0.159, 0.0077, -0.0133, 0.2284, 0.0827, -0.1141, -0.3457, 0.0398, 0.0318, -0.0658, -0.0577, 0.1089, -0.0426, 0.1257, -0.0182, -0.126, 0.1166, -0.0422, -0.0339, 0.0039, 0.0875, -0.267, 0.0047, -0.0727, -0.3202, -0.1034, -0.0566, 0.0489, -0.1352, -0.1676, -0.0611, 0.0986, 0.0568, 0.0867, -0.0349, -0.0091, 0.0659, 0.247, 0.0486, 0.2135, -0.061, -0.0221, -0.0214, -0.2864, 0.0824, 0.0247, 0.0455, -0.0224, 0.1735, -0.176, 0.0004, -0.1055, 0.1117, -0.0618, 0.368, 0.2842, -0.131, -0.0461, -0.0025, -0.1351, -0.0312, -0.2232, -0.0423, 0.0978, 0.1489, -0.0456, -0.0499, -0.084, 0.1973, -0.0597, -0.0781, 0.0065, 0.0318, -0.1811, 0.0075, -0.2317, -0.0442, 0.0277, -0.1846, 0.0079, -0.0111, -0.0134, -0.1432, -0.057, 0.084, -0.0176, 0.1754, -0.0121, 0.0237, -0.0863, 0.0698, 0.0573, -0.052, -0.0145, 0.0393, -0.137, 0.0395, -0.0759, -0.0202, -0.1013, -0.1232, -0.0643, 0.152, -0.1222, -0.1062]",interpreting one concurrent calculus another
10,"[0.1268, -0.0718, 0.0616, -0.0487, 0.1337, 0.1558, -0.0097, 0.012, -0.1477, -0.0004, 0.1638, -0.0055, -0.0657, 0.0574, -0.0702, -0.0173, -0.1144, -0.0243, -0.0241, 0.0264, -0.0814, 0.0113, 0.0515, 0.1676, 0.114, 0.0013, -0.0085, -0.2879, -0.0197, -0.0834, -0.0802, -0.0077, 0.0931, -0.0468, -0.0053, 0.0716, -0.003, 0.0157, -0.1241, -0.0531, -0.0463, 0.0581, -0.1911, -0.1014, -0.0629, 0.0008, -0.1568, -0.022, -0.107, -0.0022, 0.0517, 0.2943, -0.755, 0.0453, 0.0465, 0.0072, 0.0729, 0.0482, 0.0173, 0.1398, -0.0869, 0.2967, 0.0898, 0.0903, -0.099, -0.0661, 0.03, 0.0628, 0.0101, 0.0107, 0.0929, 0.0809, -0.179, -0.0233, -0.0139, -0.2611, -0.0862, 0.011, 0.0145, 0.0065, -0.0332, -0.0339, 0.0878, -0.1863, -0.1388, 0.0597, 0.1345, 0.0872, 0.2206, 0.0893, 0.1662, 0.0018, 0.0212, -0.0911, -0.1189, -0.1382, 0.069, -0.0946, -0.1371, -0.0229, -0.1859, 0.0225, 0.0714, 0.0928, -0.1418, -0.049, -0.0242, 0.0292, 0.007, -0.1351, -0.1147, 0.1249, -0.0452, 0.1032, 0.0516, -0.0071, -0.0237, 0.0389, 0.0835, -0.2406, 0.0247, -0.0272, -0.1082, 0.2601, -0.1002, 0.2287, -0.0225, -0.0271, 0.0372, 0.0691, 0.0459, 0.1029, -0.0566, 0.0071, -0.0223, -0.0811, -0.0572, -0.1594, -0.1301, -0.1354, -0.0385, -0.0289, -0.0019, 0.1754, -0.1394, -0.0679, -0.1651, 0.1756, 0.0434, -0.0904, 0.0632, 0.0311, -0.0319, 0.1202, -0.0154, -0.1442, -0.0019, -0.1165, -0.1408, -0.0526, -0.1469, 0.0783, -0.1599, -0.1191, 0.2437, 0.0231, 0.1773, 0.1026, -0.0086, -0.079, 0.0998, -0.0417, -0.071, -0.0564, -0.0148, -0.0542, 0.3342, -0.0852, -0.0058, -0.0122, -0.0008, -0.1154, -0.0333, -0.1108, -0.0635, 0.1547, 0.149, 0.1023, -0.0422, -0.0062, -0.1623, -0.0784, -0.0396, -0.0496, 0.198, -0.2337, 0.0986, 0.1466, 0.0375, 0.1216, 0.0457, 0.1189, 0.0604, -0.1018, -0.0061, -0.0071, 0.0447, -0.0265, 0.1215, -0.0629, -0.001, -0.0471, 0.0811, -0.0306, -0.0047, -0.1813, 0.0101, 0.0697, 0.084, -0.0015, -0.0926, -0.0938, -0.0604, 0.0581, -0.1986, -0.1132, 0.0285, 0.0224, -0.036, -0.0677, 0.1203, 0.0384, 0.2979, 0.0263, 0.076, -0.255, -0.0469, -0.0764, -0.2537, 0.0086, 0.0636, -0.0949, 0.0238, 0.0011, -0.0336, -0.1501, 0.0074, 0.0271, -0.0196, 0.411, 0.057, -0.1174, 0.0315, -0.0001, 0.061, -0.0824, 0.0224, -0.008, -0.1013, -0.1579, -0.1154, 0.0425, 0.086, -0.084, -0.0915, -0.0311, -0.058, -0.0408, -0.2326, 0.0654, -0.0582, 0.1472, -0.1567, 0.059, 0.0717, 0.0357, -0.0511, -0.0885, 0.011, -0.0596, 0.0224, 0.125, 0.0908, -0.0204, 0.0624, 0.1184, 0.011, 0.3241, -0.1061, 0.1184, -0.0354, 0.1184, -0.119, 0.0526, -0.1338, -0.003, 0.0607, 0.1364, 0.0511, -0.0325]",operational algebraic semantics concurrent process
9,"[-0.0415, -0.0705, -0.0873, 0.1079, -0.0259, -0.014, 0.0252, -0.0751, 0.0937, 0.0391, 0.0415, 0.0043, 0.081, -0.0187, 0.0945, 0.1177, -0.13, -0.076, -0.0341, 0.0251, -0.1816, 0.0291, -0.0846, 0.1197, 0.1194, -0.0419, 0.1064, -0.1029, -0.1099, 0.0807, 0.0994, -0.0457, 0.0799, -0.0954, -0.0283, -0.1332, 0.0518, -0.0295, -0.0694, 0.0638, -0.0572, -0.0116, 0.0306, -0.0832, -0.0661, -0.0434, -0.0444, -0.029, 0.1615, 0.1499, 0.0342, 0.0469, -0.8425, -0.0514, 0.0107, 0.156, -0.0385, -0.1247, 0.1063, 0.0399, 0.0222, 0.0639, 0.0532, 0.0053, -0.1206, -0.1342, 0.0145, -0.0525, -0.1184, 0.0126, 0.1108, -0.0501, 0.0462, 0.0632, -0.0363, -0.0901, 0.0456, 0.0362, 0.0475, 0.0366, 0.0455, -0.1443, 0.0138, -0.0318, 0.0171, 0.1214, -0.0635, -0.0887, 0.1089, 0.0145, 0.2018, 0.0467, 0.0406, 0.0244, 0.1886, -0.0083, 0.0151, -0.0383, -0.0537, -0.1349, 0.0765, 0.0081, -0.0896, 0.0826, -0.0105, -0.1321, -0.0337, 0.0919, -0.0061, -0.0232, 0.069, -0.1458, 0.049, -0.0077, 0.129, 0.099, 0.0953, -0.031, 0.1218, 0.0499, -0.0206, -0.0618, 0.0409, -0.002, -0.0118, 0.0335, -0.0578, 0.0806, 0.0528, 0.1319, 0.077, 0.0289, -0.0677, -0.0868, -0.0112, 0.1362, 0.0327, -0.0838, -0.0648, 0.0728, 0.0728, 0.0162, -0.0297, 0.0732, 0.0058, 0.0037, 0.0554, 0.1109, -0.0891, -0.1778, 0.012, 0.1463, -0.001, 0.0002, -0.08, -0.0126, 0.0313, -0.0008, -0.052, -0.0901, 0.0409, 0.0814, -0.0693, 0.2314, -0.0179, 0.0177, 0.0241, 0.0627, 0.0337, -0.0634, 0.0717, -0.023, 0.0129, -0.1643, 0.2266, -0.0077, 0.0988, -0.0506, -0.0924, 0.1304, -0.0902, -0.0459, 0.1072, -0.1127, -0.1391, 0.0363, 0.0435, -0.0062, -0.0501, -0.0714, -0.0688, -0.0899, -0.0752, -0.0647, -0.0619, -0.0751, -0.0489, -0.0408, -0.0523, -0.0972, -0.0768, 0.0098, -0.0557, 0.0634, -0.0395, -0.0355, 0.0141, -0.1178, 0.0688, 0.1447, -0.0493, 0.0115, -0.0757, 0.0014, 0.0038, 0.1983, 0.2174, -0.1496, 0.0351, 0.1048, -0.111, 0.0051, -0.0214, 0.0512, -0.0795, 0.0034, 0.0939, -0.06, 0.0538, -0.1727, -0.0561, 0.112, -0.019, 0.055, 0.0021, -0.0766, -0.0646, -0.1483, 0.0075, -0.0378, -0.0625, -0.0194, 0.1684, -0.1542, -0.0111, -0.0279, -0.1583, 0.0229, -0.0063, -0.1103, 0.034, -0.0386, 0.0058, -0.0777, -0.0701, 0.0592, -0.0565, 0.0328, 0.0611, 0.082, -0.0583, 0.0422, -0.0226, 0.1198, -0.4542, -0.0961, 0.0507, -0.0528, -0.1525, -0.0503, -0.0735, -0.0089, 0.0736, 0.0278, 0.0634, -0.016, 0.0055, -0.0743, 0.0268, -0.0896, -0.0635, -0.0827, 0.0322, 0.0056, 0.0447, 0.0307, 0.0342, 0.0603, 0.0521, -0.0275, -0.0242, 0.0727, -0.0941, 0.0207, -0.024, 0.0069, -0.0162, 0.1153, 0.0355, 0.0495]",complete axiomatisation observational congruence finite-state behavior
8,"[-0.1983, 0.044, -0.0843, 0.0557, -0.0064, -0.1369, 0.1723, 0.0687, -0.0131, 0.0372, 0.2174, -0.047, -0.0303, -0.0327, -0.0085, 0.0443, 0.1089, -0.1358, -0.1379, 0.2285, -0.1124, -0.0004, 0.1377, 0.1108, -0.0703, 0.0273, 0.0766, -0.1036, 0.0582, -0.1013, -0.0171, -0.0683, -0.0082, 0.0726, -0.0059, 0.0014, -0.1132, 0.0015, -0.034, -0.0528, -0.0183, 0.1509, 0.1254, 0.091, -0.0735, 0.0367, 0.1125, -0.086, 0.2467, 0.1233, -0.05, -0.0259, -0.6638, 0.2352, 0.0392, 0.2203, -0.0631, 0.012, -0.0814, 0.197, -0.0053, -0.0299, -0.031, -0.1348, 0.0189, 0.1293, 0.1145, -0.0834, -0.0706, 0.0002, 0.0097, -0.1578, -0.0894, 0.0311, 0.1741, -0.0296, -0.0963, -0.0148, 0.1547, 0.0035, 0.0096, 0.0979, -0.0764, -0.1355, 0.2484, 0.0388, 0.0345, -0.1118, 0.2153, 0.0661, -0.1727, 0.0251, -0.0685, 0.0574, 0.2763, -0.3486, -0.0162, 0.0288, -0.0696, 0.226, -0.1795, -0.0319, -0.1364, 0.0207, 0.0127, -0.0671, -0.0566, 0.1415, -0.0056, -0.1378, 0.1943, -0.0085, -0.1241, -0.1277, -0.0434, -0.0288, -0.0737, 0.0348, 0.2181, -0.33, 0.1069, -0.0267, 0.0181, 0.1922, -0.0637, 0.226, -0.1723, 0.2142, -0.0015, -0.0573, -0.0519, -0.0384, -0.0783, -0.1602, -0.0024, 0.0755, -0.1245, 0.0476, -0.0422, -0.091, 0.1298, -0.152, -0.1049, 0.1491, 0.1342, -0.147, -0.1418, -0.0338, 0.0673, 0.0785, -0.0392, -0.1289, -0.0186, -0.0789, 0.013, 0.0919, -0.1259, -0.0087, 0.0072, -0.1284, -0.0479, -0.0928, -0.1342, 0.1535, 0.0355, -0.0264, 0.1029, 0.1386, -0.1125, -0.0275, 0.0405, 0.0277, 0.0468, 0.1529, -0.0383, -0.0618, 0.2468, -0.3545, 0.1061, 0.0588, 0.0534, -0.0446, -0.135, -0.1972, 0.0416, -0.0695, 0.1518, -0.0056, -0.2001, 0.0174, 0.0339, 0.0599, 0.0511, 0.0644, 0.0673, 0.1376, -0.0902, 0.0197, 0.1994, 0.0064, -0.2292, -0.0549, 0.0523, -0.1897, 0.038, -0.045, -0.0428, -0.1172, -0.0882, 0.1301, 0.1654, -0.0102, -0.1069, -0.06, -0.0897, -0.1466, 0.0028, -0.0235, -0.2867, -0.0198, -0.0637, -0.026, 0.1433, -0.0017, -0.0816, -0.1713, -0.0476, 0.0156, -0.1965, -0.0559, -0.2231, -0.0525, 0.3153, -0.0269, 0.0233, -0.0697, 0.1181, 0.0229, -0.2425, 0.1137, -0.063, 0.051, -0.114, -0.059, 0.1096, -0.1068, 0.0122, 0.0748, 0.0655, 0.3506, 0.0209, 0.0706, 0.1388, 0.1946, -0.1694, -0.0761, -0.0673, 0.1268, 0.0436, -0.1421, -0.0201, -0.0119, 0.1607, -0.044, -0.3629, 0.0039, 0.0671, -0.0265, -0.136, 0.0572, -0.2828, -0.0295, 0.059, 0.0507, -0.0644, 0.036, 0.0605, 0.0374, 0.0287, 0.007, -0.084, 0.1533, 0.2602, -0.1466, 0.0782, 0.059, -0.0606, 0.0772, 0.3478, -0.0708, -0.1467, 0.0062, 0.0863, 0.0621, -0.1036, -0.0841, -0.0315, 0.1391, -0.0971, -0.0247]",dialogue proof system
7,"[0.0799, 0.1108, 0.0391, 0.0252, 0.0074, 0.0353, 0.1098, -0.3613, 0.1256, -0.077, -0.1346, 0.0302, 0.1628, -0.339, 0.0495, 0.2215, -0.0414, -0.155, 0.0685, -0.3222, -0.6298, -0.1212, 0.1158, 0.1163, 0.1945, -0.1087, -0.0087, 0.0888, 0.012, -0.1856, -0.0616, 0.2681, -0.0821, -0.2593, 0.0216, 0.1407, -0.2642, 0.0057, -0.0699, -0.1958, 0.1447, 0.0449, -0.0843, 0.2351, -0.0654, -0.1028, -0.1231, 0.1478, 0.109, 0.2101, -0.0497, 0.2169, -0.8072, 0.2481, 0.1049, 0.1884, 0.2333, -0.1484, -0.0129, 0.0585, 0.1777, -0.2465, -0.0052, -0.2879, 0.0093, 0.0034, -0.0077, 0.0758, -0.1031, 0.0286, 0.1587, -0.0096, 0.0461, 0.011, -0.0267, -0.1146, -0.1287, 0.263, 0.1039, 0.0593, 0.3668, -0.0583, 0.1922, -0.0986, 0.0296, 0.106, -0.3187, 0.106, 0.2388, 0.0661, -0.0579, 0.079, 0.1915, -0.0025, 0.0468, -0.0314, -0.1103, 0.0961, 0.0006, -0.0789, -0.0904, 0.2069, -0.0849, 0.0803, -0.024, -0.0453, -0.0398, 0.1235, -0.0525, 0.1336, -0.344, 0.0613, 0.1335, -0.2033, 0.1067, -0.1161, 0.2823, -0.1854, 0.1038, -0.2014, 0.1476, -0.1717, -0.0347, -0.0691, 0.1639, 0.1237, 0.1732, 0.0498, 0.1272, -0.049, 0.2893, 0.0825, 0.0615, -0.2208, -0.076, 0.1623, -0.1031, -0.1894, -0.0775, 0.2309, -0.0329, -0.104, -0.0261, 0.1993, 0.0339, 0.1337, 0.0456, -0.1469, -0.0926, 0.2129, -0.1108, 0.0841, -0.052, 0.007, -0.1952, 0.4053, -0.0907, -0.1845, 0.0869, 0.0002, 0.0189, 0.1299, 0.029, 0.1053, 0.1509, 0.2582, 0.0147, -0.0937, 0.1921, 0.2288, -0.0314, -0.0308, -0.137, -0.1699, 0.0746, -0.0387, 0.2637, -0.094, 0.0042, 0.168, -0.0765, 0.1226, 0.1105, 0.0849, 0.1085, -0.0719, 0.0347, 0.2162, -0.2532, 0.2301, -0.1989, 0.0273, 0.0361, -0.0483, 0.1908, -0.2679, 0.1685, -0.1497, 0.0873, -0.2377, 0.011, -0.0027, -0.1205, 0.042, -0.0491, 0.078, 0.0065, -0.2767, 0.0559, 0.1125, 0.0389, -0.0559, 0.055, 0.0079, 0.1244, 0.1267, -0.0805, 0.1271, 0.048, -0.1159, -0.3449, 0.0269, -0.091, -0.2664, -0.0691, -0.1621, -0.0429, -0.1637, -0.0153, -0.1334, -0.0932, -0.3205, 0.2091, 0.0153, -0.004, -0.1915, -0.1973, -0.0341, -0.2134, 0.0672, 0.084, 0.0098, 0.0196, -0.2622, -0.2364, 0.1069, 0.1441, 0.0741, -0.1704, 0.2464, 0.1836, -0.1642, -0.1911, -0.0251, -0.049, -0.0039, 0.0628, -0.0865, -0.007, 0.1398, 0.0501, 0.2983, 0.2097, -0.0329, -0.4153, -0.2287, -0.1468, -0.004, -0.1521, 0.1246, -0.0822, 0.121, -0.2256, 0.0094, 0.2925, 0.2653, -0.1353, -0.0128, 0.2435, 0.1236, -0.0986, 0.0907, 0.1715, 0.1473, -0.0194, -0.0151, -0.0749, 0.2278, -0.1054, 0.2117, 0.0893, 0.3981, -0.4443, -0.0538, -0.0483, 0.1522, -0.0519, -0.0761, 0.208, -0.1269]",process constructor interpretation invited paper
6,"[0.07, -0.1005, -0.0207, 0.0524, -0.0806, -0.0927, 0.0556, -0.1697, 0.1221, 0.0957, 0.1096, -0.0514, 0.0182, 0.0157, 0.2467, 0.2416, -0.2559, -0.1449, -0.069, -0.0064, -0.4555, 0.1066, 0.0719, 0.0243, -0.1057, -0.0338, -0.1173, -0.018, -0.1303, 0.092, 0.1355, -0.0375, 0.2414, 0.0207, -0.0699, -0.0965, -0.0519, -0.027, -0.0547, -0.0293, -0.2013, 0.0612, 0.1543, -0.1097, -0.0678, 0.0415, -0.0554, -0.0802, 0.1926, 0.2686, -0.0421, -0.0973, -0.9323, 0.0107, -0.0508, 0.0551, 0.1321, -0.036, 0.0, 0.0453, -0.2064, 0.0244, -0.1875, 0.0915, -0.0588, -0.0074, 0.0912, -0.1539, -0.1249, 0.0101, 0.2798, -0.1855, -0.0532, -0.1535, 0.0998, -0.1844, 0.2499, 0.0551, -0.0561, 0.3615, -0.0395, -0.0539, 0.3328, -0.1168, 0.1079, 0.1035, -0.1684, 0.1161, 0.2444, 0.0373, -0.0559, -0.2125, -0.051, -0.099, 0.2331, 0.2251, -0.2412, 0.0283, -0.149, -0.1728, 0.1192, 0.0942, 0.0632, -0.1079, 0.1023, -0.0803, -0.0109, 0.1143, 0.005, 0.0694, -0.0851, -0.0208, 0.0009, -0.0335, 0.1535, 0.1845, 0.0752, -0.048, 0.0873, 0.0839, -0.0699, -0.0279, -0.0066, 0.0994, -0.2205, 0.1312, -0.2377, 0.1025, -0.0263, 0.1652, 0.1971, 0.1448, 0.1447, -0.0884, 0.008, 0.0762, -0.0022, 0.1773, -0.0554, 0.1341, 0.0243, -0.0161, -0.1768, -0.0256, 0.0583, -0.0103, -0.0257, 0.1466, -0.0141, -0.0778, 0.035, -0.0088, -0.1261, 0.1576, 0.0088, 0.0492, -0.1486, 0.0473, -0.0996, -0.0861, -0.1255, 0.0671, -0.1444, 0.0892, 0.1571, 0.1307, 0.1862, 0.0305, 0.1848, -0.2569, 0.1139, 0.0932, -0.1154, -0.3071, 0.0397, -0.0046, 0.262, -0.0496, -0.237, 0.1601, -0.155, -0.0507, -0.0229, -0.0865, -0.1414, 0.0725, -0.0202, 0.0697, -0.3992, -0.0404, -0.0449, -0.1752, 0.1513, -0.2291, 0.0367, -0.0229, -0.0981, -0.0015, -0.1003, -0.018, 0.0041, 0.209, -0.0988, -0.0029, -0.2038, -0.0604, 0.1224, 0.0086, 0.0782, 0.2429, -0.062, -0.0663, 0.0873, -0.059, -0.0399, 0.1647, 0.1536, -0.1732, -0.1406, -0.088, -0.2413, -0.0894, 0.0063, -0.0705, -0.1884, 0.2072, 0.0451, -0.219, -0.0252, -0.1571, -0.0361, 0.0919, 0.0458, 0.0361, -0.0449, 0.1319, -0.0085, -0.3931, 0.0389, 0.0328, -0.0981, -0.2312, 0.0169, -0.1367, -0.0435, 0.104, -0.1581, 0.0369, 0.1151, -0.1775, 0.2264, -0.1984, -0.0385, -0.1343, -0.1698, 0.1493, 0.0273, -0.0921, -0.0537, 0.0057, -0.0741, 0.1672, -0.1183, -0.0278, -0.6983, -0.0172, 0.103, -0.1069, -0.032, 0.042, -0.1738, 0.0247, -0.1015, 0.0038, -0.1293, -0.1009, 0.1694, -0.08, 0.1518, -0.1185, -0.0626, 0.0487, 0.0224, -0.0887, 0.0368, 0.2814, 0.065, -0.0077, -0.0224, 0.2961, 0.0211, 0.0979, 0.1899, 0.0616, -0.0092, -0.1294, 0.1278, 0.0437, 0.152, 0.0062]",algebraic law nondeterminism concurrency
5,"[0.0408, -0.0409, -0.0723, 0.1829, -0.0355, 0.0697, -0.0131, 0.0575, 0.1412, 0.0832, 0.2458, -0.0536, -0.0216, 0.0161, -0.1334, 0.146, 0.0485, -0.0786, -0.1851, 0.0419, -0.1944, 0.106, 0.006, 0.1164, -0.0519, 0.0545, 0.049, 0.0661, -0.0107, 0.0229, -0.0157, -0.0572, 0.0523, -0.0603, 0.0197, -0.0043, 0.3056, -0.1537, -0.1017, 0.1083, -0.1686, 0.0628, -0.0216, 0.0573, -0.2533, -0.07, -0.0192, -0.0857, 0.0773, 0.0156, -0.148, -0.061, -0.8644, 0.225, 0.0029, -0.0592, 0.0393, -0.0281, -0.2036, 0.09, -0.0687, 0.2995, -0.0921, 0.1818, -0.0994, -0.0905, 0.0244, -0.1302, -0.0586, 0.0491, -0.0159, -0.0637, 0.0082, 0.0373, 0.0621, -0.0841, -0.0769, -0.0954, -0.0874, 0.1438, 0.0895, -0.061, 0.2133, -0.1249, -0.1042, -0.0921, -0.0855, 0.1404, 0.2002, 0.0162, -0.1461, -0.264, -0.0554, 0.1735, 0.2578, 0.2091, -0.064, -0.049, -0.1573, -0.3049, 0.0229, 0.0839, 0.0274, 0.0506, -0.0063, -0.1092, -0.0513, -0.1323, -0.0642, -0.2243, -0.1915, 0.0278, 0.0254, 0.1741, 0.2196, -0.0117, 0.0166, -0.1082, 0.0208, 0.0834, -0.0192, -0.0626, 0.1093, 0.2165, -0.1583, 0.0453, -0.0893, 0.0123, 0.0516, 0.1131, -0.0096, 0.0681, 0.0646, -0.0228, -0.0155, -0.102, 0.1151, 0.0376, -0.1358, -0.0823, -0.054, -0.1185, -0.138, -0.0922, 0.095, 0.1165, -0.0798, 0.0063, 0.1511, -0.0365, 0.0868, -0.1005, -0.1545, 0.0107, 0.0637, 0.1719, 0.0162, 0.149, 0.0396, 0.099, -0.0645, 0.1003, -0.0164, 0.1338, 0.0286, 0.0103, 0.0518, 0.1512, 0.1385, -0.0786, 0.0297, 0.0318, -0.1477, -0.0258, -0.0082, -0.1216, 0.0089, -0.1692, 0.0463, 0.0063, -0.0525, -0.2305, -0.1093, -0.0184, -0.0836, -0.0258, 0.147, 0.1677, -0.0925, 0.1579, -0.0197, -0.1013, 0.1993, 0.0197, -0.0053, 0.0184, -0.0714, 0.0128, -0.0386, -0.0535, 0.2033, 0.1801, -0.1625, 0.0493, -0.1122, 0.0802, 0.0396, 0.1947, 0.1409, 0.2218, -0.0508, 0.0899, 0.1337, 0.076, -0.0831, 0.0019, 0.274, -0.1148, -0.0791, 0.1223, -0.0568, -0.0427, 0.0001, -0.0079, -0.2091, 0.0418, -0.2018, -0.1554, 0.1898, -0.0112, -0.1097, -0.0661, 0.0166, -0.1413, -0.2054, 0.0301, 0.1258, -0.2631, -0.0009, 0.0632, -0.1412, -0.1092, 0.0235, 0.1474, 0.0442, 0.027, -0.0808, -0.0327, 0.1347, -0.0565, 0.1125, 0.1197, -0.0067, -0.0738, -0.2305, 0.1053, -0.0098, -0.2235, -0.0043, 0.0636, -0.1037, -0.1802, -0.2252, -0.0901, -0.364, -0.0598, 0.0429, 0.0567, -0.0521, 0.0269, -0.0481, -0.0919, 0.0232, 0.1017, 0.0156, -0.0229, 0.1154, 0.0396, -0.0492, 0.1164, -0.0409, -0.0925, -0.0422, 0.0626, -0.047, 0.1319, 0.0149, -0.1356, -0.0147, -0.0071, -0.1875, 0.0862, 0.0822, -0.2559, -0.0151, 0.0248, 0.0341, 0.1069, 0.022, 0.1232]",calculus synchrony asynchrony
5,"[0.0296, -0.014, 0.0184, 0.1294, -0.1476, -0.0373, -0.1301, -0.0561, 0.2287, -0.0165, 0.0183, -0.267, -0.0958, 0.0358, 0.0726, 0.0577, -0.1869, 0.0846, -0.0465, 0.1498, -0.5626, -0.1396, 0.0294, 0.1373, 0.0603, -0.0858, -0.0385, -0.175, -0.2842, -0.0977, 0.0174, 0.0419, 0.079, -0.0467, -0.2115, -0.1535, 0.0393, -0.1985, 0.0505, 0.0119, -0.0285, -0.0681, 0.1085, -0.0623, -0.1341, -0.1113, -0.1614, 0.1532, 0.1853, 0.1575, -0.1328, -0.0726, -1.0057, 0.0669, 0.0513, -0.1446, 0.208, -0.227, 0.0481, 0.1807, 0.1207, 0.0612, -0.1091, -0.1132, -0.3291, -0.3189, 0.023, -0.0199, -0.0167, -0.0882, 0.1289, -0.0703, 0.0217, 0.1492, 0.007, -0.1969, -0.1293, -0.0008, -0.0112, -0.0295, 0.0554, -0.1844, 0.1872, -0.0196, -0.0269, 0.1807, -0.2253, -0.0305, 0.2089, -0.104, 0.0988, -0.1317, -0.0191, -0.2009, 0.1488, 0.0896, -0.2327, 0.1557, -0.0967, -0.2054, 0.0667, 0.0655, -0.0234, 0.1043, 0.1541, -0.1079, 0.0144, 0.0481, -0.0492, -0.0426, -0.0254, 0.0318, 0.1072, -0.1496, 0.045, 0.1564, 0.137, -0.1569, 0.3248, 0.0895, 0.0723, 0.0127, 0.0644, -0.1542, 0.1899, 0.0639, -0.1158, 0.0751, 0.1531, 0.1533, 0.2772, -0.0163, 0.113, 0.007, -0.1214, 0.0955, 0.0229, -0.1326, -0.1465, 0.1814, 0.1878, -0.0567, 0.0669, -0.0108, 0.1026, 0.1212, 0.0082, 0.0745, -0.1348, -0.2081, -0.0901, 0.2975, 0.1586, 0.3451, -0.0403, 0.0664, -0.0393, -0.008, -0.0634, -0.0403, -0.0374, -0.1424, -0.1409, 0.3045, 0.119, 0.1915, 0.2636, 0.0723, -0.0642, 0.147, -0.0273, -0.0585, -0.1416, -0.1091, 0.144, 0.051, 0.2768, -0.0808, -0.1201, 0.4513, -0.4177, 0.1273, 0.0467, -0.0178, -0.1009, 0.1056, 0.2133, 0.0054, -0.3019, -0.0214, -0.1183, 0.0445, -0.108, -0.064, 0.0612, -0.1471, -0.1269, -0.0541, -0.0946, -0.101, -0.1308, -0.0574, -0.0386, 0.1188, 0.0003, 0.0564, 0.061, -0.1149, 0.2885, 0.1782, -0.0692, -0.0607, -0.0449, -0.0967, -0.1842, 0.3461, 0.1779, -0.0273, 0.0822, 0.2188, 0.0302, 0.0278, -0.1782, 0.0599, -0.1016, -0.0166, 0.1357, 0.0894, 0.0541, -0.0299, -0.0505, 0.0267, 0.0301, -0.3209, 0.0629, -0.1263, 0.0583, -0.3112, 0.0484, -0.0645, 0.0448, -0.0924, -0.0215, -0.0229, -0.0154, 0.0089, -0.0566, 0.0647, -0.0665, 0.0104, -0.0037, -0.2612, 0.0008, -0.0149, -0.0195, 0.1047, 0.1564, 0.0551, -0.0643, -0.0421, -0.0583, 0.0878, -0.0221, -0.0414, -0.6139, -0.0171, -0.1296, -0.1159, -0.1823, -0.0254, -0.0486, 0.0692, 0.0843, 0.1325, -0.0368, -0.0508, 0.2288, 0.0184, -0.0458, 0.015, 0.0141, -0.042, -0.0224, 0.0889, -0.0475, 0.1724, 0.0623, 0.1145, 0.1033, 0.1688, 0.0753, 0.0587, -0.2426, -0.0463, 0.0186, 0.1648, 0.0925, 0.0737, 0.0837, 0.0112]",parallel combinator reduction machine
5,"[-0.04284999999999999, 0.0397, 0.036649999999999995, -0.019200000000000002, -0.004700000000000003, -0.032600000000000004, 0.04605, 0.0577, 0.0132, -0.03335, 0.0687, 0.07005, 0.020500000000000004, 0.019500000000000003, 0.13655, 0.05525, 0.049800000000000004, -0.014299999999999993, 0.01005, -0.03155, -0.22735, -0.0006499999999999995, 0.0582, -0.023849999999999996, 0.07730000000000001, -0.13574999999999998, 0.0516, 0.05635, -0.21384999999999998, -0.0854, 0.09709999999999999, -0.09325, -0.0013000000000000025, 0.10830000000000001, 0.1774, 0.0449, 0.013150000000000002, -0.0962, -0.08195, 0.16620000000000001, 0.032549999999999996, -0.0174, 0.10965, 0.1694, -0.060149999999999995, -0.08445, -0.0457, 0.025849999999999998, 0.06935, -0.0814, 0.04285, -0.17815, -0.6484000000000001, -0.038349999999999995, 0.0758, -0.0847, 0.0396, 0.0167, -0.08549999999999999, 0.020449999999999996, 0.0331, -0.0626, 0.0429, 0.06365, -0.003949999999999999, 0.1216, -0.06465, 0.10264999999999999, -0.03935, 0.0063500000000000015, 0.00765, -0.014199999999999999, 0.17165, 0.11145, 0.0554, -0.00605, 0.13815, 0.1525, -0.10725, 0.0161, -0.007300000000000001, 0.015449999999999998, -0.03725, -0.2257, -0.0011999999999999997, -0.0942, -0.157, 0.0003499999999999996, 0.15285, -0.024300000000000002, 0.1617, -0.1495, 0.006100000000000001, -0.038900000000000004, -0.10925, 0.00165, -0.03755, 0.129, -0.128, 0.01185, -0.16875, 0.10795, 0.007099999999999999, -0.11574999999999999, -0.1541, 0.08274999999999999, -0.09430000000000001, -0.06275, 0.036449999999999996, 0.03585, -0.13135, 0.07925, 0.0533, 0.11165, 0.006049999999999998, -0.1237, -0.12795, -0.09215, 0.16929999999999998, -0.22325, -0.0807, -0.09185, 0.18385, 0.1384, 0.01845, 0.16665000000000002, -0.1671, -0.08405, 0.0006000000000000033, -0.0674, 0.07625, -0.08639999999999999, -0.006400000000000003, -0.0983, -0.0078, 0.08035, 0.15514999999999998, -0.0825, -0.1173, -0.07995000000000001, 0.0201, -0.002349999999999998, 0.019349999999999992, 0.1467, -0.22244999999999998, -0.08365, -0.025800000000000003, -0.03065, 0.11365, 0.1288, 0.0605, -0.040350000000000004, 0.011100000000000002, -0.08365, 0.1568, 0.044050000000000006, 0.03645, -0.0043, 0.17785, 0.228, 0.10994999999999999, 0.04005, -0.062299999999999994, -0.11835000000000001, 0.0481, 0.0853, 0.049850000000000005, -0.1058, 0.0713, 0.14225, 0.0543, 0.13285, -0.07385, -0.0968, 0.032400000000000005, 0.04095, 0.27215, -0.40425, -0.0076500000000000005, -0.06235, -0.0887, -0.18695, 0.053599999999999995, -0.1572, -0.00425, -0.03825, -0.031849999999999996, -0.07385, -0.0958, -0.12055, -0.10865, -0.1198, 0.0802, 0.03445, 0.0081, -0.1275, -0.16870000000000002, 0.000899999999999998, 0.12490000000000001, 0.022049999999999997, -0.1129, -0.10765, -0.02515, 0.1229, 0.0809, 0.13755, -0.008300000000000002, 0.018899999999999993, 0.00505, 0.10629999999999999, 0.0939, 0.09240000000000001, 0.0503, 0.048299999999999996, 0.07615, -0.16785, -0.0631, 0.0582, -0.07980000000000001, 0.054400000000000004, -0.0741, -0.12115, -0.0964, -0.08445, -0.01965, -0.1945, 0.16635, 0.06285, -0.1449, -0.00375, -0.1137, 0.0524, 0.27725, -0.0925, -0.0094, -0.14800000000000002, -0.259, 0.06505, -0.20675, -0.03695, -0.02225, -0.14250000000000002, 0.11145, -0.0437, -0.09830000000000001, -0.0777, -0.05545, -0.008899999999999998, -0.053250000000000006, 0.39035, 0.026750000000000003, 0.0591, -0.00135, 0.0883, -0.0521, 0.14405, -0.13695000000000002, 0.037099999999999994, 0.041749999999999995, 0.0955, 0.04345, 0.0405, 0.02925, -0.21125, -0.38765, 0.09075, -0.13974999999999999, -0.06255, -0.1499, 0.0312, -0.054150000000000004, -0.10039999999999999, 0.0758, -0.047950000000000007, -0.009300000000000003, -0.1457, 0.10455, -0.1262, -0.0103, 0.08275, -0.07264999999999999, -0.0252, -0.08115, 0.02894999999999999, 0.01545, -0.06764999999999999, -0.07485, 0.15885, -0.0283, -0.019899999999999994, 0.1017, -0.008150000000000004, -0.1188, 0.014350000000000002, 0.1752, -0.0372, 0.0406, 0.0226, 0.0509, -0.06775]",firing squad
4,"[0.06795000000000001, -0.043300000000000005, -0.0938, 0.034, 0.0408, 0.061700000000000005, 0.03925, -0.11805, -0.002599999999999998, 0.06255, 0.00145, -0.08975, -0.10139999999999999, 0.13585, 0.07369999999999999, -0.24725, 0.07965, -0.07805000000000001, -0.1046, 0.09365, -0.18645, 0.0269, 0.027949999999999996, 0.19295, -0.0771, -0.08065, 0.0429, -0.1449, -0.08325, -0.046900000000000004, 0.0576, 0.08405000000000001, 0.09094999999999999, -0.030099999999999995, 0.018299999999999997, -0.12635, 0.09620000000000001, -0.07275, -0.05669999999999999, -0.02635, -0.09885000000000001, 0.0179, 0.2562, 0.0464, -0.07745, 0.04665, 0.10605, -0.13415, 0.1183, 0.11615, -0.02135, 0.12065000000000001, -0.7783, 0.0409, -0.09605, 0.08510000000000001, 0.0363, -0.1686, -0.13215, 0.16375, 0.09155, 0.19615, -0.06455, 0.08585000000000001, -0.0478, -0.15025, 0.01055, -0.0665, -0.06765, 0.14285, -0.09785, -0.08080000000000001, -0.0724, -0.0072499999999999995, 0.12394999999999999, -0.028249999999999997, 0.08265, 0.038599999999999995, 0.025550000000000003, 0.054849999999999996, 0.03385, 0.10735, 0.12825, -0.19635, 0.006200000000000004, -0.03225, 0.0835, 0.11785000000000001, 0.06505, 0.021900000000000003, 0.1563, 0.029800000000000004, -0.06470000000000001, -0.0471, 0.062400000000000004, -0.03425, 0.04695, -0.06045, -0.10085, -0.0068000000000000005, -0.07735, 0.037599999999999995, -0.1665, 0.08985000000000001, -0.14085, -0.08745, -0.0167, 0.043399999999999994, 0.06385, -0.012549999999999999, -0.18695, -0.0739, 0.06855, 0.016800000000000002, 0.006400000000000003, -0.10969999999999999, -0.054400000000000004, 0.09129999999999999, 0.013200000000000003, -0.27475, 0.07465, -0.0818, -0.006600000000000002, 0.0842, -0.2244, 0.14934999999999998, 0.02485, -0.0049999999999999975, -0.0206, 0.045899999999999996, -0.1436, -0.008799999999999999, -0.005350000000000001, -0.09525, -0.039400000000000004, -0.0021000000000000003, -0.027450000000000002, -0.04525, 0.056100000000000004, -0.01545, -0.01575, -0.0010500000000000002, -0.05735, 0.22145, 0.12915, -0.07055, 0.036449999999999996, -0.0237, -0.03975, -0.1094, 0.06715, 0.034949999999999995, -0.020800000000000003, -0.06645, 0.08829999999999999, 0.0012500000000000011, 0.10875, 0.03615, -0.09315, -0.19055, -0.030000000000000006, 0.1234, -0.04315, 0.118, 0.09190000000000001, 0.08915, 0.12895, -0.02504999999999999, -0.10750000000000001, -0.038, 0.032350000000000004, 0.10185, 0.07644999999999999, 0.0653, 0.12565, -0.0077000000000000055, 0.23435, -0.08839999999999999, -0.018100000000000005, 0.00835, 0.0125, -0.07504999999999999, 0.1447, -0.12475, 0.06415, 0.10805, -0.025550000000000003, -0.05685, 0.04015, 0.06655, -0.007200000000000001, 0.00424999999999999, 0.028650000000000002, -0.0799, 0.029150000000000002, 0.1386, -0.01775, -0.19295, 0.15105, 0.05024999999999999, 0.02545, 0.06335, 0.026750000000000003, -0.07105, -0.056650000000000006, 0.036199999999999996, 0.07835, -0.07095, -0.09734999999999999, 0.077, 0.03165, 0.041800000000000004, -0.057449999999999994, 0.1135, 0.0874, 0.16705, -0.0552, -0.0002500000000000002, -0.11875000000000001, -0.0577, 0.010949999999999994, -0.1289, -0.06035, -0.017400000000000002, -0.1522, -0.0341, -0.015500000000000003, 0.0283, -0.0435, -0.15180000000000002, -0.0748, -0.06735000000000001, 0.2599, -0.01015, -0.048299999999999996, -0.03265, 0.05605, -0.067, -0.2067, 0.09425, 0.057749999999999996, 0.0238, 0.0218, -0.049, 0.0059000000000000025, 0.046, -0.01975, -0.0038499999999999993, -0.235, 0.31485, 0.14715, -0.018449999999999998, -0.028900000000000002, -0.11545, -0.07045, -0.0604, -0.057749999999999996, 0.10265, -0.07279999999999999, -0.015199999999999991, -0.049, 0.1019, -0.050949999999999995, -0.05945, -0.21359999999999998, -0.0212, 0.11035, 0.08335, -0.0811, 0.0429, -0.1561, -0.014799999999999999, -0.0479, 0.08024999999999999, -0.03355, -0.035399999999999994, 0.1321, -0.13645000000000002, 0.06145, -0.0181, -0.03695, -0.0897, -0.0593, -0.01875, 0.17285, -0.014450000000000001, 0.015050000000000001, 0.0298, -0.0068, -0.040499999999999994, -0.09305000000000001, 0.10300000000000001, 0.012199999999999999, -0.05685, -0.13185, 0.0169, 0.009349999999999997, 0.1369, -0.07735, -0.08990000000000001]",modal characterisation observable machine-behaviour
3,"[0.0512, 0.0101, 0.0222, -0.0271, -0.0829, 0.0191, 0.0537, -0.0866, 0.0119, 0.0067, 0.0708, 0.0479, -0.0765, 0.1212, -0.1137, -0.0359, -0.042, 0.0313, -0.215, 0.0783, -0.0456, -0.0102, -0.0643, 0.03, 0.0067, -0.035, 0.0159, -0.0287, 0.0249, 0.126, 0.0185, -0.003, -0.0047, -0.0917, 0.0131, 0.0159, 0.056, -0.0722, -0.0744, 0.0099, -0.0451, 0.0757, -0.005, 0.0682, -0.0457, -0.0248, -0.0065, -0.1519, -0.0647, -0.0884, 0.0991, -0.3058, -0.6666, -0.098, -0.0538, 0.0, -0.009, 0.0728, -0.0189, 0.0774, 0.0056, 0.0294, -0.0962, 0.078, -0.1567, -0.2433, 0.0034, 0.0253, -0.1443, 0.0783, -0.1476, -0.0216, -0.1659, 0.0789, 0.113, 0.0932, 0.0676, 0.0288, -0.1609, 0.153, 0.0424, 0.0221, 0.0252, -0.1927, -0.0496, 0.0376, 0.1748, 0.1299, 0.0103, 0.1024, 0.0143, 0.0185, -0.1689, 0.0387, 0.0638, -0.0785, 0.0284, -0.073, -0.0984, -0.1386, -0.1719, 0.1171, -0.2105, 0.0334, -0.3029, 0.1066, 0.065, -0.0681, 0.1413, -0.2578, -0.0745, 0.0417, 0.0594, -0.0527, 0.1094, -0.0936, -0.018, -0.0105, -0.0948, -0.2743, 0.1816, -0.2024, 0.0144, 0.1283, -0.0711, 0.1796, 0.0698, -0.0628, 0.1329, 0.0447, -0.0002, 0.033, 0.004, -0.0485, 0.0284, 0.0564, -0.1594, 0.045, -0.0592, -0.0535, 0.099, 0.0339, -0.0566, 0.1822, 0.0773, -0.1583, -0.0096, -0.0539, -0.233, 0.0153, 0.1613, 0.0773, -0.1619, -0.0358, 0.1437, 0.03, 0.0072, -0.1117, -0.0022, 0.1667, 0.1518, 0.1247, -0.0008, -0.0251, -0.0008, 0.035, 0.0227, 0.1789, 0.0118, -0.0191, -0.0052, 0.0823, 0.0859, -0.055, -0.0474, -0.0565, 0.2552, -0.3735, -0.0208, 0.1074, -0.0791, 0.0531, 0.0703, 0.0079, -0.0389, 0.0715, -0.3132, -0.0503, 0.3065, 0.0339, 0.0388, -0.0214, -0.0507, -0.0412, -0.0136, 0.0711, -0.0478, -0.0196, 0.1868, -0.1704, -0.1051, -0.2178, 0.0424, -0.1375, -0.1453, 0.0543, 0.0313, -0.0087, 0.102, 0.267, 0.0237, 0.0984, 0.1411, 0.1247, 0.0311, -0.0831, -0.2411, -0.0117, 0.0224, -0.0263, -0.0439, -0.0292, -0.051, -0.153, -0.1834, 0.0633, 0.0315, 0.0444, -0.0467, -0.0194, -0.0509, -0.068, 0.2227, -0.1735, -0.0505, -0.0219, -0.0337, 0.0561, -0.2168, 0.1523, -0.0764, 0.0629, 0.0205, -0.0032, -0.0182, -0.0264, 0.0803, -0.0632, -0.155, 0.3294, 0.0383, -0.0691, 0.0941, 0.0269, -0.0582, -0.114, -0.1397, -0.0756, -0.0221, -0.0559, -0.1307, -0.0707, -0.0691, -0.0706, 0.0155, -0.138, -0.1689, 0.019, -0.2244, 0.0371, -0.1993, -0.0304, -0.0084, 0.0356, 0.1212, -0.1172, 0.1091, -0.0596, -0.0063, 0.1351, 0.0806, 0.0319, 0.0595, 0.0444, 0.0214, 0.0788, -0.108, 0.0552, 0.021, -0.0509, -0.0601, -0.0348, -0.019, -0.0352, -0.1057, -0.0318, -0.0367, 0.1409, -0.0415, -0.0227]",observing nondeterminism concurrency
2,"[-0.0449, 0.0113, -0.0252, -0.0258, 0.1335, 0.1362, 0.2057, 0.0734, 0.1234, -0.0916, 0.0126, 0.0558, 0.1717, 0.16, 0.0895, 0.0816, -0.0137, -0.2431, 0.0701, -0.1834, -0.3722, 0.1178, 0.0579, 0.1713, 0.0766, -0.0819, 0.0621, 0.1402, -0.1748, -0.0009, 0.2861, 0.0383, -0.1284, 0.0973, 0.1562, -0.0678, -0.0133, 0.2912, -0.067, 0.0127, 0.1529, -0.0533, 0.103, -0.2587, 0.0515, 0.0291, -0.1694, -0.0852, -0.0712, 0.0305, 0.1464, -0.0601, -0.8221, 0.0777, -0.0746, -0.1572, -0.1937, -0.0406, 0.3964, -0.0603, -0.0171, 0.0585, -0.0879, 0.3484, 0.238, -0.0366, -0.2006, -0.1202, -0.0768, -0.1223, -0.168, 0.0313, 0.1484, -0.1001, -0.024, 0.122, -0.1272, -0.045, -0.0769, -0.2441, -0.0266, -0.0452, 0.1088, -0.0213, -0.1001, -0.1288, 0.1535, -0.0369, 0.0952, -0.1839, -0.0337, 0.1252, 0.1115, -0.1475, -0.0044, 0.1003, -0.0772, -0.1343, -0.0017, 0.0865, 0.0085, -0.0636, 0.0135, -0.1996, 0.0913, 0.1018, -0.0907, -0.0603, 0.1988, -0.2727, 0.0734, 0.1925, 0.1334, -0.1314, -0.0745, 0.0367, -0.1298, -0.1633, -0.092, -0.2241, -0.1127, 0.0494, -0.0431, -0.056, -0.2132, -0.1464, 0.262, 0.053, -0.0948, -0.0133, -0.0302, -0.0494, 0.1106, 0.1643, 0.0765, -0.1289, 0.0563, 0.0055, -0.0472, 0.0619, -0.0026, -0.0259, -0.0691, -0.0233, 0.1565, 0.0072, 0.1517, 0.1999, -0.1184, -0.101, 0.0027, -0.0393, 0.0113, 0.1032, 0.037, 0.0282, 0.0364, 0.1363, -0.0083, 0.0004, 0.212, -0.1535, 0.0204, 0.0558, 0.0894, 0.232, 0.0167, 0.0001, -0.0371, 0.0301, -0.0898, -0.1856, 0.0349, -0.0307, 0.0391, 0.1433, 0.2196, 0.2281, 0.018, -0.0656, -0.0059, 0.1139, 0.0875, 0.1936, 0.006, -0.0903, -0.0868, -0.2818, -0.122, 0.123, -0.0028, 0.0544, 0.1276, -0.0025, -0.1051, -0.2235, 0.1007, -0.1534, -0.022, 0.288, 0.1449, -0.2409, 0.1225, 0.0556, 0.1787, -0.0683, -0.3535, -0.1591, -0.0298, 0.2094, 0.1191, 0.1339, -0.1553, -0.1501, 0.0638, -0.0328, 0.1742, 0.1506, -0.0494, 0.2589, -0.1604, -0.3192, -0.3265, -0.0111, -0.0726, 0.0279, -0.053, -0.0441, 0.028, -0.0101, 0.2666, -0.1988, 0.2013, 0.0687, -0.0815, 0.0597, -0.0694, 0.181, 0.0172, 0.202, -0.037, 0.1516, -0.2037, -0.148, -0.0454, -0.079, 0.2817, 0.3676, -0.0463, 0.2352, 0.0407, 0.0003, 0.0122, -0.1269, -0.0388, -0.1147, 0.1382, 0.1581, -0.2306, -0.1102, 0.0436, -0.0119, -0.1085, -0.0044, -0.3293, 0.099, 0.0768, -0.1658, -0.3086, 0.0352, -0.0785, 0.0443, 0.0869, -0.065, -0.0961, 0.0766, -0.0691, 0.1178, 0.0864, -0.0251, 0.0857, -0.0425, -0.0227, 0.0276, 0.1045, -0.12, -0.1645, -0.1159, -0.1176, -0.1122, 0.0558, -0.1401, -0.0156, 0.1128, -0.1205, -0.0553, 0.1479, 0.0105, 0.0104, 0.06]",edinburgh lcf
1,"[-0.1428, -0.3169, -0.0318, 0.0652, -0.0292, -0.157, -0.0312, 0.0061, 0.0598, -0.0177, -0.0309, -0.115, 0.0516, -0.0039, -0.0276, 0.0542, 0.0748, -0.1579, -0.071, 0.0515, -0.6236, -0.0077, 0.0438, 0.1798, 0.0335, -0.0144, -0.1045, -0.2709, 0.0008, 0.0019, -0.0098, 0.0169, 0.2007, -0.3472, -0.1849, -0.0126, 0.1787, 0.0607, -0.0613, 0.2117, -0.2168, -0.0402, 0.1023, 0.0092, 0.0006, -0.0556, -0.1969, 0.0209, 0.3216, 0.1556, -0.1621, 0.1312, -0.9141, -0.1116, 0.1099, 0.1484, -0.144, -0.1389, 0.0129, 0.0954, 0.194, 0.0748, 0.0565, 0.0763, -0.0619, -0.0155, 0.0283, 0.0103, 0.0208, 0.0204, 0.1658, -0.2635, -0.0962, -0.0215, -0.0005, -0.0337, -0.2214, -0.0322, 0.1978, -0.0387, 0.042, -0.0354, -0.0527, -0.0817, 0.0864, 0.3255, -0.0201, -0.2716, 0.1541, -0.1523, -0.0371, -0.1188, -0.091, 0.0723, 0.16, -0.0021, 0.0633, 0.0352, -0.1075, -0.2005, 0.0412, 0.1259, -0.0622, 0.1317, 0.1308, 0.1006, -0.1213, -0.0622, -0.0031, 0.1795, 0.1651, -0.1198, 0.0316, 0.0232, -0.126, 0.1797, 0.2133, -0.1215, 0.1475, -0.0971, 0.1156, -0.0958, 0.1267, -0.0205, 0.0884, 0.1253, -0.2315, -0.0332, 0.0539, 0.2302, 0.107, -0.0016, 0.0303, -0.107, -0.1611, 0.1011, 0.1037, -0.0499, -0.1606, 0.0603, 0.2644, -0.0033, -0.1445, -0.074, -0.1392, 0.1451, -0.0093, -0.0044, -0.1337, -0.1639, 0.0799, -0.0712, -0.0501, 0.0302, 0.0545, -0.0506, 0.0396, 0.0277, -0.0607, 0.0486, -0.096, 0.1087, -0.1442, 0.2046, 0.0718, 0.1021, 0.0016, -0.0836, 0.0886, 0.0043, 0.0002, 0.0167, 0.093, -0.0389, 0.1002, 0.0411, 0.2395, -0.0781, -0.0314, 0.4547, -0.0362, 0.1158, 0.1363, -0.2127, -0.0841, 0.0046, 0.1104, 0.0939, -0.3207, -0.0009, -0.1264, 0.0178, 0.0752, 0.0176, -0.0071, -0.0997, 0.1782, -0.0569, -0.0564, -0.1546, 0.1146, 0.104, -0.0986, -0.0917, -0.1035, -0.0548, -0.052, -0.0218, 0.3156, 0.0618, -0.0423, -0.106, 0.0611, 0.0218, -0.0498, 0.1572, 0.0038, -0.2586, 0.023, 0.01, -0.1397, 0.0247, -0.0918, 0.0595, -0.2147, -0.15, -0.014, 0.0354, 0.1283, -0.0924, -0.1182, -0.004, 0.0849, -0.0565, 0.0748, -0.0808, -0.0288, -0.107, 0.0221, 0.0046, -0.1208, 0.0282, 0.2237, -0.1235, 0.0737, 0.0322, -0.1826, 0.3053, -0.1816, -0.1179, 0.2559, -0.1278, 0.0484, -0.0661, -0.129, 0.0165, -0.2319, -0.2343, -0.1301, 0.0523, -0.0911, 0.1403, -0.02, 0.2411, -0.5302, -0.095, -0.1195, 0.0706, -0.1202, -0.0236, -0.1649, -0.0574, 0.1197, 0.0468, -0.0505, 0.0702, 0.1482, -0.186, 0.2972, -0.1733, 0.0242, 0.0745, 0.0435, 0.0253, -0.0347, 0.1614, -0.0203, 0.2342, 0.1544, -0.0953, 0.1127, 0.0274, -0.2228, 0.0494, 0.0267, -0.1703, 0.0201, 0.1591, -0.1773, -0.0974]",metalanguage interactive proof lcf
0,"[-0.0789, 0.1435, 0.1127, 0.1245, 0.0199, 0.0425, 0.1723, 0.096, 0.0356, 0.1098, 0.0429, 0.0149, 0.0267, -0.1954, 0.157, -0.0207, -0.0158, -0.2966, 0.1473, 0.1678, -0.3872, -0.1136, -0.1133, 0.0547, 0.1342, -0.1357, -0.0899, -0.0795, 0.0089, -0.0809, 0.0497, 0.0622, 0.3081, 0.1784, -0.3438, -0.2091, -0.0928, 0.0734, 0.1039, 0.0931, -0.065, -0.0441, 0.0961, -0.085, 0.1182, 0.1079, -0.0922, -0.0735, 0.1233, 0.1072, 0.0657, 0.0202, -0.812, -0.1374, 0.0598, 0.0735, 0.006, -0.0578, 0.0029, -0.284, -0.1211, -0.1173, -0.1447, -0.1015, 0.0608, 0.1233, 0.0166, 0.072, -0.1529, 0.0946, -0.0151, -0.0223, -0.0714, 0.0251, -0.0541, -0.0753, -0.162, 0.1506, 0.0606, -0.2384, 0.0015, 0.0279, 0.1096, -0.1996, 0.1441, -0.0846, 0.1881, -0.2321, 0.1451, -0.0316, 0.0491, 0.1854, 0.0514, 0.0784, 0.3545, 0.0639, 0.0763, -0.29, -0.0175, -0.088, -0.094, -0.0837, -0.3551, 0.2636, 0.1228, -0.212, -0.1935, -0.0892, 0.1099, -0.1869, 0.2516, 0.1865, -0.1926, 0.0303, 0.0754, 0.0274, -0.0342, 0.109, -0.048, -0.2008, 0.161, -0.1533, -0.1681, -0.0299, 0.0863, 0.1749, -0.1096, 0.136, 0.1038, -0.1912, 0.2255, 0.0209, 0.1555, -0.2093, -0.0543, 0.0627, 0.0581, 0.076, -0.1057, 0.0717, 0.2332, 0.105, 0.0444, -0.0527, 0.0177, -0.159, -0.0354, -0.1445, 0.0254, 0.2559, 0.0276, 0.1077, 0.1295, 0.0092, -0.0845, -0.0857, -0.0436, -0.0818, 0.2041, -0.0032, 0.1844, 0.0055, 0.0098, 0.0874, 0.0834, -0.036, -0.1475, 0.1379, -0.1092, -0.0136, 0.1653, -0.1357, 0.1409, -0.0425, 0.0325, -0.019, 0.1894, 0.0864, -0.0417, 0.1432, 0.0183, 0.1535, 0.0722, 0.1127, -0.0639, -0.0828, 0.2358, 0.0174, -0.2355, -0.1314, 0.1032, -0.0652, 0.2473, 0.0415, -0.005, 0.119, 0.132, -0.0279, -0.0857, -0.0213, 0.1768, -0.036, -0.0362, 0.0296, -0.0307, -0.0284, -0.0256, 0.0682, 0.1052, -0.001, 0.0473, -0.0064, 0.0924, -0.0915, 0.2114, -0.2086, 0.1175, -0.2476, -0.0395, 0.2572, -0.0337, -0.0172, -0.0569, 0.0049, -0.0442, -0.0119, -0.3483, 0.0227, -0.101, -0.1309, -0.2845, -0.0121, 0.1634, -0.109, 0.0479, -0.0907, -0.1759, 0.1068, -0.0311, -0.0016, -0.2313, -0.1318, 0.0493, 0.0174, -0.1484, -0.0158, -0.1484, 0.1007, 0.0193, 0.0115, 0.1683, 0.0859, -0.0601, -0.3355, -0.025, -0.1229, -0.0448, -0.0664, -0.159, 0.0962, -0.032, 0.0882, -0.0999, 0.1639, -0.5386, -0.0829, -0.2005, 0.0715, -0.2386, 0.1667, -0.0709, 0.031, 0.1785, 0.2018, 0.0204, -0.1495, -0.0234, -0.2041, -0.238, -0.2276, -0.0464, 0.1291, 0.0529, 0.0109, -0.0253, 0.0716, -0.1712, 0.1328, 0.1785, 0.1013, -0.0034, -0.2393, 0.1008, 0.3064, -0.1389, -0.3475, -0.0889, 0.1111, 0.0655, -0.0382]",third international colloquium automaton language programming university edinburgh uk july 20-23 1976
