-0.055	-0.0086	0.08935	-0.01925	-0.09235	-0.03795	-0.0367	0.02875	0.01785	-0.1041	0.0505	0.0109	0.06305	0.11655	-0.03375	-0.0149	-0.0034	0.02405	-0.13645	-0.00865	0.0129	0.005	0.03595	-0.05445	0.0396	0.06215	0.0692	-0.0337	-0.02115	-0.07515	0.0114	-0.0188	0.0064	0.0094	0.00565	-0.02505	0.0728	-0.0093	-0.0182	-0.013	0.0031	0.07215	-0.02015	-0.03505	-0.056	-0.0457	-0.01965	0.0621	0.0297	0.00035	-0.04075	-0.02945	-0.3937	0.0643	0.0849	0.0018	-0.0675	0.0025	-0.0427	0.0007	-0.0055	-0.04785	-0.0569	0.0486	-0.0086	-0.00535	0.00625	0.09115	-0.0448	0.0037	-0.03355	0.0561	0.09085	0.13915	0.00045	-0.1174	-0.0085	0.04965	-0.06305	0.06055	0.0206	0.12335	-0.05905	-0.1237	-0.03025	0.0166	0.0136	-0.0688	0.0036	-0.0261	-0.055	0.01675	-0.03185	-0.053	-0.03475	0.03025	-0.01325	0.0628	-0.0695	0.0007	-0.1187	-0.095	0.01615	0.0295	-0.33515	-0.014	0.02245	0.08675	0.1894	-0.07845	-0.1415	0.0736	-0.01715	0.0753	-0.03025	0.06235	0.0072	-0.0194	0.0072	-0.104	0.0972	-0.006	0.0438	0.0841	-0.09395	0.11845	-0.00275	-0.04645	0.0277	0.00755	-0.02545	0.02085	0.0302	-0.0819	-0.0283	-0.1389	0.0004	0.0159	-0.12275	-0.074	-0.01685	-0.05145	0.02135	0.09265	0.0495	0.01065	0.0052	-0.03505	0.0185	0.01005	0.17225	-0.02925	-0.01965	-0.0405	-0.0367	0.06965	-0.03825	0.05995	-0.05805	0.00885	0.0926	0.0212	0.05405	-0.0045	-0.08985	-0.02395	-0.02905	0.04275	0.009	-0.0052	0.13065	0.0147	-0.0201	0.03665	0.04475	-0.021	0.1826	-0.10825	0.0487	0.07165	0.0114	-0.03385	-0.0032	0.0073	0.02065	-0.036	0.0212	-0.04545	0.1389	-0.05235	0.0503	0.0269	-0.0284	-0.0092	0.0078	0.0278	-0.05515	0.0119	0.11115	0.01775	-0.0215	-0.04685	0.0204	0.0514	-0.0321	-0.04705	0.05055	0.1298	-0.04025	-0.06095	-0.0654	0.0444	0.00085	0.06075	-0.0638	0.03375	-0.05485	-0.0402	0.0762	-0.13505	0.07215	0.02725	-0.00115	-0.0337	-0.0372	-0.0193	0.01125	0.132	-0.0724	-0.01665	0.0085	-0.04355	0.0922	-0.05055	-0.0496	-0.00735	0.02155	-0.1017	-0.14115	0.0146	0.00545	0.0	-0.03435	0.04295	0.02505	0.04565	-0.06175	-0.003	-0.0349	0.2286	-0.04365	-0.0138	-0.0244	-0.00105	-0.0677	0.04035	-0.07595	0.0289	0.1218	-0.11245	0.08975	0.0558	-0.03465	-0.01875	0.00635	-0.05455	-0.06345	-0.06085	-0.1121	-0.01895	0.1025	0.00405	-0.0082	0.0354	-0.0375	-0.02295	-0.04225	-0.0148	-0.0319	-0.05115	0.08045	-0.07485	-0.08065	-0.02815	-0.01725	0.0505	0.0077	-0.05165	-0.035	0.0005	0.0025	0.03175	-0.0361	-0.0402	-0.0177	0.07835	-0.00805	0.1095	0.03695	-0.011
-0.0544	-0.0518	-0.11775	-0.12335	0.0066	0.2306	0.041	-0.0248	0.01125	0.00765	-0.0661	0.0932	0.00075	0.148	-0.04035	-0.0386	0.01215	-0.082	0.0797	0.03435	-0.05775	-0.0809	0.047	-0.0291	-0.0097	-0.05175	-0.03305	0.03515	0.00045	-0.03465	-0.01945	0.0479	0.05465	-0.05695	0.042	-0.1052	-0.0092	0.07185	-0.0107	0.01005	-0.0087	-0.03615	-0.07525	0.0216	0.00835	0.01465	0.017	0.03835	0.0063	-0.03275	0.0685	-0.12145	-0.3667	-0.1254	0.0368	-0.0514	0.03145	-0.1123	-0.0295	0.0394	-0.01625	0.03325	-0.0934	-0.0046	0.1136	0.07325	0.03495	0.0665	0.0101	-0.07755	-0.04055	-0.07345	-0.0457	0.0004	0.0099	0.01605	0.06465	0.0203	-0.06595	-0.0764	-0.0007	-0.1313	-0.0907	-0.0657	-0.03105	0.09695	0.0121	-0.06565	0.0036	-0.0255	0.0522	0.0655	-0.10695	-0.0766	-0.0338	0.05835	0.0434	0.13145	-0.0075	0.05525	-0.17975	0.00985	0.03245	-0.0523	-0.10265	0.0145	0.01215	0.1083	0.0078	0.02125	0.0521	0.0506	0.0044	-0.0172	-0.0874	0.0953	0.04215	0.04145	-0.00675	-0.1435	0.12155	-0.01005	-0.0845	-0.0805	-0.091	0.15065	0.01725	0.0271	-0.0072	0.03755	0.0656	-0.01565	-0.0203	-0.0085	-0.00595	-0.05385	-0.0163	0.04705	-0.1439	-0.08005	-0.04335	-0.0839	0.0362	0.15725	0.0051	0.00725	0.006	0.02165	0.01805	-0.00815	-0.0969	0.0566	0.084	0.0567	0.05965	-0.0052	0.0181	0.0019	-0.02175	-0.0972	-0.0325	0.00275	-0.0153	0.11255	-0.02965	-0.02205	0.01255	-0.06575	-0.022	-0.01185	0.1113	0.05165	-0.01515	-0.00165	0.04165	-0.0021	0.17015	-0.0454	-0.0055	0.00195	0.0512	-0.0509	0.02675	-0.0548	0.0231	-0.01805	0.0907	0.06405	0.09715	0.01945	-0.0129	0.1339	-0.0654	0.056	0.0025	0.03585	0.0656	-0.02355	0.0194	0.0796	0.0327	-0.1104	0.0213	-0.009	-0.0229	0.10465	-0.0381	0.03695	-0.029	-0.0426	0.05005	-0.00995	-0.0107	0.019	-0.0484	-0.00175	0.07135	-0.05015	0.0166	-0.0161	-0.00305	0.00405	-0.01645	-0.02805	0.0357	0.0054	-0.0407	0.0057	-0.0044	-0.01175	-0.029	0.0427	0.20385	-0.0892	-0.06095	-0.1086	-0.0041	-0.0972	-0.17495	-0.07205	-0.09055	0.04775	0.04505	-0.0087	0.08475	0.04025	-0.0476	0.0159	-0.10405	0.1274	-0.07375	-0.01315	0.13335	-0.04175	-0.03555	0.0676	-0.0133	0.0359	-0.0132	0.0601	-0.0348	0.07265	-0.11565	-0.03885	-0.19485	0.0009	0.0502	0.02835	0.0156	0.05505	-0.13995	0.03305	0.09365	0.045	0.06405	-0.02015	0.01585	0.02665	0.02955	-0.0634	0.12655	-0.0034	-0.05685	0.07035	0.0053	0.0015	0.12765	0.14435	-0.03515	0.0031	-0.01695	-0.0209	0.0638	-0.0227	0.04765	-0.0183	0.04	-0.06055	-0.0875	-0.0027
-0.009454545454545453	0.013163636363636365	-0.0067	0.011790909090909091	0.004127272727272728	-0.02180909090909091	-0.005809090909090909	0.005536363636363637	0.00013636363636363637	0.0163	-0.004963636363636364	0.001309090909090909	0.0032818181818181818	-0.0033909090909090907	-0.013218181818181818	-0.00699090909090909	0.0028272727272727273	-0.0028272727272727273	0.011927272727272729	-0.007209090909090909	-0.017636363636363638	0.014245454545454546	0.0063363636363636365	0.01680909090909091	-0.012463636363636364	0.0014545454545454547	-0.0017090909090909092	-0.004163636363636363	0.0044	0.008545454545454545	-0.010272727272727274	-0.0017000000000000001	-0.026372727272727273	0.011936363636363636	-9.090909090909091e-06	0.010954545454545455	0.00012727272727272728	-0.009363636363636364	0.007599999999999999	0.01660909090909091	-0.001618181818181818	-0.010681818181818181	0.0045000000000000005	-0.011581818181818183	0.0056454545454545455	-0.0009181818181818181	0.009627272727272727	-0.0007727272727272728	-0.0011090909090909092	0.007318181818181818	-0.02090909090909091	-0.012318181818181818	-0.07398181818181818	0.009436363636363637	-0.0046454545454545455	-0.0018727272727272727	-0.021263636363636363	-0.006527272727272728	-0.0026272727272727272	-0.0012727272727272728	0.0129	-0.016436363636363634	0.008527272727272727	-0.006818181818181818	-0.022045454545454545	0.010118181818181818	0.0009000000000000001	0.010618181818181818	0.006418181818181818	-0.006245454545454545	-0.007518181818181818	-0.0107	0.00027272727272727274	-0.007818181818181818	0.01440909090909091	-0.006272727272727274	-0.021172727272727274	-0.009763636363636363	-0.0009272727272727273	0.0019181818181818182	-0.0035818181818181817	-0.0013272727272727273	-0.020881818181818182	-0.028354545454545455	-0.004363636363636364	0.004681818181818182	-0.008436363636363636	-0.0009090909090909091	-0.0171	-0.009218181818181818	0.0037636363636363635	0.009436363636363637	0.0057272727272727275	-0.008354545454545455	-0.004609090909090909	0.0012727272727272728	-0.001190909090909091	-0.012472727272727272	-0.007036363636363636	-0.007954545454545454	-0.005054545454545454	0.027536363636363637	-0.004818181818181818	0.01680909090909091	-0.016136363636363636	0.005090909090909091	0.02097272727272727	0.0201	-0.011809090909090908	0.011872727272727273	0.016145454545454546	-0.014836363636363637	-0.010136363636363636	-0.007681818181818182	-0.0014727272727272727	0.007345454545454545	0.0013636363636363635	-0.012627272727272727	0.011463636363636363	-0.02699090909090909	-0.003645454545454545	-0.013363636363636362	-0.013563636363636363	0.004409090909090909	-0.022127272727272728	0.011672727272727272	-0.007027272727272727	0.010381818181818181	-0.0145	0.024618181818181817	0.002063636363636364	-0.009018181818181818	0.014745454545454546	0.0053	0.014036363636363637	-0.014527272727272727	0.006754545454545455	-0.010981818181818183	0.000809090909090909	-0.00011818181818181818	-0.007881818181818183	-0.0027	-0.015818181818181818	0.019445454545454547	-0.0015363636363636363	-0.01577272727272727	0.0018636363636363638	0.002809090909090909	0.015936363636363637	0.007181818181818182	0.0021545454545454546	0.009454545454545453	0.025263636363636363	0.0002636363636363636	0.006672727272727274	-0.0023636363636363633	-0.002190909090909091	0.024390909090909088	-0.0032818181818181818	-0.0192	0.006863636363636363	-0.00810909090909091	0.002590909090909091	0.0089	0.03975454545454546	-0.024190909090909093	0.010927272727272728	-0.0027090909090909093	-0.008854545454545455	0.010509090909090909	0.015581818181818181	-0.007663636363636364	-0.013190909090909092	0.0003818181818181818	0.006345454545454546	-0.004463636363636363	0.0194	-0.01229090909090909	-0.0081	0.019154545454545455	-0.009272727272727273	0.005045454545454546	-0.017	-0.0066363636363636356	0.004963636363636364	0.03245454545454545	-0.01748181818181818	-0.005354545454545455	0.0221	-0.0041	-0.028954545454545455	0.008690909090909091	0.006790909090909091	-0.010454545454545454	0.019854545454545455	0.012554545454545455	0.013600000000000001	0.015199999999999998	0.012072727272727273	0.013	-0.007009090909090909	0.03616363636363636	-0.009727272727272727	0.0002818181818181818	0.024690909090909093	-0.006145454545454545	-0.010254545454545454	-0.0038181818181818182	-0.009072727272727272	0.0005363636363636364	0.013618181818181817	0.009936363636363636	-0.039154545454545456	0.003118181818181818	0.013118181818181819	-8.181818181818182e-05	-0.0023272727272727273	0.008727272727272728	-0.021445454545454545	-0.021754545454545457	0.015590909090909093	0.016827272727272725	0.0063363636363636365	0.0003818181818181818	0.010281818181818182	-0.024636363636363637	0.016518181818181817	-0.004463636363636363	-0.0017090909090909092	-0.0024272727272727276	-0.0025363636363636365	-0.012236363636363635	0.01939090909090909	-0.009981818181818182	0.002309090909090909	0.004709090909090909	-0.0024454545454545454	-0.014745454545454546	-0.01660909090909091	-0.0034727272727272727	-0.011436363636363635	-0.009109090909090909	0.007072727272727272	0.012445454545454544	-0.005627272727272727	0.019618181818181816	0.008818181818181819	0.006836363636363637	-0.012227272727272727	0.030709090909090908	-0.013127272727272727	-0.019327272727272728	-0.011945454545454544	6.363636363636364e-05	0.014700000000000001	-0.00950909090909091	0.004709090909090909	0.014054545454545453	0.0016454545454545457	0.004309090909090909	0.034072727272727275	-0.004736363636363637	-0.0036000000000000003	-0.020218181818181816	-0.0030181818181818183	0.011772727272727273	0.009972727272727274	-0.002045454545454545	-0.018727272727272728	0.011372727272727272	0.01941818181818182	0.006345454545454546	-0.007954545454545454	0.010245454545454545	0.002390909090909091	0.0018999999999999998	-0.013918181818181819	-0.009572727272727273	-0.0143	0.006281818181818181	0.0068818181818181825	0.004945454545454545	0.0024454545454545454	-0.028581818181818184	0.013636363636363636	0.015227272727272728	0.0010090909090909091	0.001409090909090909	-0.008018181818181818	-0.0015727272727272727	0.007736363636363636	0.0026454545454545455	-0.013900000000000001	0.004527272727272727	-0.003590909090909091	-0.0031636363636363633	-0.013990909090909092	0.015127272727272727	-0.0050363636363636366	-0.00960909090909091
0.02325	0.01525	-0.03965	0.08565	-0.02965	-0.0475	-0.0406	-0.0343	0.02645	0.0825	0.0183	-0.04865	0.06095	0.00265	0.06655	5e-05	-0.0821	0.0229	-0.0451	0.06015	-0.1016	-0.0336	0.0343	0.0271	-0.0536	-0.0337	-0.0262	-0.02045	-0.0397	-0.0174	0.08275	-0.0162	0.0246	-0.0174	0.0112	-0.0359	-0.0562	-0.0094	0.0974	0.03235	-0.01235	-0.012	0.00795	0.02055	-0.03915	0.0126	-0.02305	-0.0023	0.06405	0.0962	-0.01925	0.00705	-0.44985	-0.0117	0.00555	0.0521	0.00995	-0.0595	-0.0244	0.058	0.0236	-0.0079	-0.03295	0.03465	-0.05725	-0.0405	-0.0318	0.0258	-0.00035	-0.03245	0.04555	-0.02805	0.0094	0.05955	0.05185	-0.09905	-0.0422	0.00375	0.0264	0.00195	0.03155	-0.09165	0.0341	0.0188	-0.0325	0.07695	-0.07365	0.00995	0.01865	-0.00105	0.0643	0.01895	0.067	0.00785	-0.0187	-0.01965	0.0284	-0.04675	-0.013	-0.0187	0.01995	-0.02565	0.0092	0.00235	-0.0326	-0.0318	-0.00585	-0.04315	0.0514	0.0011	-0.0691	-0.03845	0.0083	-0.02355	0.00625	0.0384	0.0003	-0.0018	0.00495	0.0825	0.0007	-0.06985	0.03295	0.02645	0.02295	-0.0043	0.0255	0.01295	0.00045	0.0542	0.0074	-0.02575	0.02935	0.02575	-0.03375	-0.0517	-0.0037	-0.00925	0.05355	0.0639	0.06075	0.04035	-0.0293	-0.0257	0.05025	-0.0017	0.05165	0.0073	-0.01865	-0.02185	0.0435	0.0959	-0.01115	-0.01405	-0.00855	0.1128	-0.0276	0.02635	0.0037	-0.0122	0.0397	0.0131	-0.00145	0.06585	-0.01475	0.0307	0.03375	-0.0078	0.0347	-0.00165	0.0141	0.04455	0.022	0.0021	0.02405	0.0374	-0.00635	0.0214	-0.05035	0.00295	-0.07385	-0.03085	0.0153	-0.0083	-0.07955	0.0426	0.01715	0.0104	-0.04835	-0.02205	0.00205	0.0103	-0.069	0.0079	0.019	-0.0292	-0.0121	0.00195	-0.0318	-0.048	0.03205	0.04005	-0.0865	0.0065	-0.0203	0.02845	0.03285	-0.0461	0.04185	-0.00955	-0.12155	-0.01685	-0.02535	0.0448	0.07515	-0.0096	0.00855	-0.0322	-0.0252	0.02865	-0.0578	0.00465	-0.01015	-0.01055	-0.06285	0.0209	-0.0626	0.0428	0.02995	-0.012	0.03615	0.0109	0.01325	-0.02805	-0.05475	0.03835	-0.0153	-0.06235	0.02735	-0.05445	-0.0212	0.00805	0.0444	-0.0427	0.0288	0.0013	-0.0075	0.0047	0.01405	-0.03915	0.0096	-0.03975	-0.09385	-0.0134	-0.026	0.01625	0.025	0.01875	0.0163	-0.01155	-0.02805	-0.00615	0.02095	0.01005	-0.1758	0.0121	0.02525	0.02325	-0.00575	-0.06145	-0.03915	0.0153	-0.0048	0.03595	0.02525	0.02675	-0.0106	0.01385	-0.0048	-0.03405	0.0024	-0.0131	-0.00025	-0.0281	0.00275	0.0247	0.0278	-0.031	0.0253	0.0254	0.005	0.0347	-0.03395	0.0639	-0.0082	0.014	-0.0188	0.13045	0.01675	0.03975
0.047549999999999995	-0.2233	0.11530000000000001	0.046	-0.0007999999999999986	-0.119	0.046700000000000005	0.20934999999999998	0.12405	-0.2525	-0.12764999999999999	-0.069	0.009399999999999999	0.07405	-0.0434	0.015250000000000001	0.051250000000000004	-0.1809	0.043250000000000004	0.11345	-0.2307	-0.0412	0.0946	0.06344999999999999	0.05600000000000001	-0.033049999999999996	-0.07805000000000001	-0.1758	-0.04795	-0.011949999999999999	-0.030650000000000004	0.0068000000000000005	0.008499999999999994	-0.14279999999999998	-0.004300000000000005	0.01165	0.09045	0.019950000000000002	0.018049999999999997	-0.0594	-0.02	-0.1371	-0.10515	0.1148	0.002699999999999994	-0.002749999999999999	-0.024399999999999998	0.01225	-0.0739	0.060200000000000004	0.12450000000000001	0.20015	-0.82935	0.19990000000000002	0.1412	-0.015899999999999997	-0.1557	-0.07585	-0.07195	0.0727	0.01865	-0.10385000000000001	-0.04395	-0.0199	-0.08415	0.08310000000000001	0.050850000000000006	-0.003550000000000001	0.0302	-0.006949999999999998	-0.003949999999999995	0.16535	-0.0626	0.01675	-0.0643	0.08670000000000001	-0.0626	-0.00975	0.1136	0.01675	-0.0056999999999999985	0.04659999999999999	0.03720000000000001	-0.20865	-0.015399999999999997	-0.052000000000000005	0.0543	0.0043	0.1365	0.0911	-0.14705000000000001	0.06484999999999999	0.1015	0.0755	0.0561	0.12705	0.15940000000000001	0.124	-0.028550000000000002	0.0368	-0.13245	0.022400000000000003	-0.062350000000000017	0.0223	0.051300000000000005	0.013999999999999999	0.11655	0.04485	-0.021599999999999998	0.0568	0.0681	-0.04105	-0.055549999999999995	-0.08885000000000001	-0.028000000000000004	0.06425	-0.03055	0.010599999999999998	0.0756	-0.2267	-0.0624	0.04255	-0.046400000000000004	0.0287	-0.07015	0.17754999999999999	0.07785	0.0782	-0.1189	-0.005250000000000005	-0.10540000000000001	0.02504999999999999	0.0014000000000000054	-0.1021	-0.005099999999999993	-0.21835	-0.016149999999999998	0.0897	-0.12885	-0.07300000000000001	0.0375	0.1139	0.008649999999999998	0.07465	-0.05945	0.17099999999999999	0.1068	0.025299999999999996	0.09179999999999999	0.0848	-0.08255	0.15335	0.027349999999999996	0.0756	0.0013000000000000008	0.04735	0.09759999999999999	-0.0034999999999999892	-0.0063	-0.06445	0.37224999999999997	-0.09384999999999999	-0.05279999999999999	0.0641	0.15435000000000001	-0.005149999999999998	0.08205	-0.058249999999999996	0.011700000000000009	-0.0614	0.2209	0.009650000000000002	0.0201	0.046400000000000004	0.14395	0.028499999999999998	0.21200000000000002	-0.1724	-0.045	-0.11904999999999999	0.0529	-0.16155	-0.15439999999999998	-0.0872	0.0917	0.011149999999999993	0.0032000000000000084	-0.09734999999999999	-0.034000000000000016	-0.05810000000000001	0.11265	-0.009550000000000001	0.029199999999999997	-0.0681	-0.03655	0.1308	0.2012	-0.057	0.112	-0.06870000000000001	-0.0661	-0.07235	-0.040450000000000014	-0.1268	0.1755	0.007100000000000002	-0.08165	0.016900000000000002	0.04465	0.05545	-0.005650000000000002	-0.08245	0.01635	-0.2283	-0.07264999999999999	0.1139	0.0324	-0.0673	-0.0857	-0.047499999999999994	0.055549999999999995	-0.1486	-0.13790000000000002	0.00655	-0.0767	-0.16310000000000002	-0.06315	-0.1133	0.101	-0.049999999999999996	-0.15975	0.0998	0.19524999999999998	-0.00655	-0.05985	-0.11465	-0.018099999999999998	0.15165	-0.15265	0.027299999999999998	-0.00545	0.11914999999999999	-0.13419999999999999	-0.23554999999999998	-0.00435	0.0236	0.04844999999999999	0.05854999999999999	0.010949999999999994	0.3601	0.0051	0.13635	-0.08694999999999999	0.14559999999999998	-0.03185	-0.10965	-0.11935	0.1272	-0.04015	-0.19625	0.1105	0.0327	0.0087	-0.20735	-0.21575	-0.048	0.0252	0.031549999999999995	-0.1261	-0.0783	0.07055	-0.14934999999999998	0.1259	-0.0282	-0.0776	0.06765	-0.011450000000000002	-0.0005000000000000004	0.06925	-0.1012	-0.033299999999999996	-0.023549999999999998	0.0845	-0.03585	0.003600000000000006	-0.06955	-0.14805000000000001	-0.023799999999999998	0.0411	0.2223	0.03765	0.0002500000000000002	-0.0922	-0.04069999999999999	-0.07435	-0.0737	0.043899999999999995	0.18575	0.1302	-0.022700000000000005
0.0047	-0.0065125	-0.001175	-0.00095	-0.00085	0.00145	-0.0017875	0.0080625	0.0017	-0.012125	0.0145625	0.001825	0.0042	0.0012375	0.0076625	-0.0028	0.0096375	-0.0051	0.01025	0.0044625	-0.0006625	-0.012175	-0.009025	0.01165	0.0065	0.0079375	0.0049125	-0.02075	0.0013625	-0.0129875	0.0051	-0.001025	0.007525	-0.0023	0.00085	0.0075375	0.0120625	0.007025	-0.007825	-0.0065375	-0.020325	-0.00415	-0.0145625	0.002475	-0.0151375	-0.0083125	0.007275	-0.0171875	-0.0059375	0.00305	-0.015675	0.005925	-0.0924375	0.0229125	0.013	-0.010325	-0.0092375	0.02385	-0.0133125	0.0024	0.0095125	-0.0296	-0.0150625	0.0042125	-0.00985	-0.0144375	0.0007375	-0.0004375	0.0015875	-0.014975	0.0149625	0.001775	-0.001175	0.0119	0.0084	0.0107375	0.0096	0.00475	0.0134125	0.0241	-1.25e-05	0.0178375	0.0042875	-0.0259125	0.000575	-0.0134	-0.0003375	-0.001925	0.0033	0.0123375	0.0156875	0.0065125	-0.0124125	0.0008875	-0.0258625	-0.01335	-0.015025	0.011625	0.0025875	-0.023775	-0.021	-0.01265	-0.0063	-0.0074375	-0.0095125	0.0093	0.0290125	0.014075	0.005325	-0.030625	0.02	-0.0429	0.004025	0.00655	-0.00585	-0.015175	-0.0127625	0.002575	0.0080125	-0.0385875	0.0199	0.0113875	0.016725	0.003475	-0.015775	0.02315	0.011825	0.0121875	-0.007025	0.004825	-0.0018	0.010075	0.009825	-0.02875	0.0025375	-0.0274375	0.0067	-0.0102875	0.0094125	-0.0272125	-0.0015625	0.0212	0.003475	0.029175	0.00065	-0.0123875	0.0088125	-0.0030375	0.00695	0.0030375	0.0005375	-0.0227375	-0.0156	0.016175	-0.0079125	0.00775	0.0036625	-0.0161125	-0.0154125	0.01585	0.0150375	0.0107875	0.0007125	0.0145125	0.0266375	-0.007825	0.0149	0.0198375	0.0087375	-0.0204	0.0196875	0.0072625	-0.020325	-0.004325	-0.0059	0.002625	0.02825	-0.0050875	0.0119625	-0.012125	-0.0025	0.0075125	0.012175	0.0012	0.01325	0.004025	-0.0095	-0.0114875	0.0054	0.0121875	0.007125	0.01185	0.002475	-0.02065	-0.0008	0.003175	0.0051125	0.0088375	0.0214125	0.00055	-0.003	0.000475	0.008325	0.002925	-0.010925	0.0202625	-0.0104875	-0.02255	-0.01505	-0.0005875	0.00325	0.009225	0.0138375	0.01225	0.0005	-0.0197125	-0.0101625	0.0053625	-0.031425	0.0227375	0.01075	-0.0211	0.00895	0.0025625	0.010825	-0.02455	-0.0074375	-0.0257125	-0.0015375	0.004375	-0.005625	-0.0044125	0.0309625	-0.0169125	0.0036875	-0.003475	-0.0048375	-0.015125	-0.023925	0.0043375	-0.0070125	-0.0039625	-0.00345	-0.0087125	0.000925	-0.015825	0.0187125	-0.000825	-0.00795	0.0471625	-0.0067625	0.0141875	0.0274875	-0.0085125	0.0040375	0.0007625	0.0246125	0.0068	0.023625	0.00555	-0.0114875	0.0154875	0.0147	-0.01325	0.0042	-0.010375	0.008475	0.0048	-0.02395	0.0012625	-0.0118125	0.004	0.006125	0.0115	0.0059625	-0.0131125	0.0111875	-0.009025	0.0038625	-0.0161875	-0.008875	0.006925	0.0164	0.00335	0.0071	0.0151875	-0.020075	-0.0146	-0.0039125	-0.011775	-0.0048875	-0.0149625	0.0189375	0.005625	0.0237375	0.00065	0.0079375	0.0219125	0.0286625	-0.001525
0.0622	-0.1704	0.094	-0.0174	0.1201	0.1167	0.1142	0.0296	-0.0195	-0.0571	-0.0271	-0.0883	-0.0449	0.2356	-0.0787	-0.1109	-0.0531	0.0347	0.0157	-0.0821	0.0274	0.0071	-0.0165	-0.1307	0.2952	0.0899	0.0107	0.0357	-0.0092	-0.1362	-0.018	-0.0403	-0.0878	-0.0158	0.068	-0.0061	0.015	-0.1022	0.0164	0.0709	-0.012	-0.0751	-0.1857	0.0078	-0.1096	-0.0658	-0.0535	-0.1204	-0.0786	-0.0078	-0.0016	-0.241	-0.7084	0.2059	-0.0631	0.1643	-0.2173	-0.0897	0.1868	0.032	0.1171	0.1186	0.0832	0.1398	0.0296	-0.2341	0.1165	0.0841	0.1492	-0.2038	0.0946	0.0811	0.0757	0.1398	-0.0987	-0.0905	0.0443	-0.0133	0.0951	-0.1445	0.0568	0.0324	-0.0041	-0.3334	-0.0624	0.1034	0.1292	0.0073	0.1412	-0.0365	0.1148	0.0517	0.0693	0.275	0.0854	-0.0371	0.0094	-0.1286	0.1037	-0.0818	-0.0321	-0.1243	-0.2015	0.1655	-0.0471	-0.0118	0.0514	0.015	0.0679	0.1575	-0.1108	-0.1568	0.0078	-0.0416	0.0001	-0.0875	0.0782	-0.1053	0.1059	-0.0439	0.0149	0.0589	0.2896	0.1426	-0.0917	0.1322	-0.0927	-0.0851	-0.1157	0.1365	0.0187	0.0739	0.0739	0.0474	0.0076	-0.0398	0.105	-0.0467	0.0379	-0.0767	-0.0443	-0.12	0.0989	0.1133	-0.0726	-0.2043	0.1386	-0.0985	-0.0397	-0.0193	-0.3397	-0.1483	-0.0743	-0.0122	-0.1708	-0.025	0.067	0.0067	-0.1438	0.0588	0.1555	0.0023	0.0037	0.236	-0.0309	0.1689	-0.0494	-0.3166	-0.0588	-0.072	0.0547	0.2962	-0.0083	-0.1254	0.0101	0.3027	-0.0082	0.0021	0.1514	-0.086	-0.0165	0.0806	0.0208	0.1787	-0.1916	0.1978	-0.0968	-0.0427	0.1413	-0.0588	0.0354	-0.0477	-0.0835	-0.036	0.0348	-0.0572	0.1665	0.0922	0.0454	0.0406	0.1387	0.1001	0.0812	-0.0187	-0.0684	0.0003	0.1623	0.1382	-0.1013	-0.0423	-0.1217	-0.0517	0.0935	0.1839	0.0149	-0.0211	0.1774	-0.1495	-0.1057	0.1053	0.2197	0.113	0.0615	0.0688	0.0247	-0.1777	0.0365	0.0587	-0.0345	-0.0939	-0.1398	-0.1907	0.0679	0.1937	0.0166	-0.0961	0.1271	-0.1747	0.0301	-0.0704	-0.0371	0.0479	-0.0977	0.0005	-0.0631	0.0782	-0.0105	-0.026	-0.0058	0.2802	0.0022	-0.0064	0.0709	0.0875	0.0686	0.0171	-0.0153	-0.0348	0.0727	-0.0366	-0.0434	0.064	-0.0199	0.168	-0.4053	-0.0014	-0.0621	0.0648	-0.3025	0.0234	-0.0948	-0.0673	-0.0322	0.1194	-0.0624	0.0267	0.0367	-0.0294	0.0189	0.0637	-0.0019	0.1598	-0.1256	-0.0908	-0.0807	-0.0101	0.0845	-0.0412	-0.1634	0.0316	0.0617	-0.1659	0.0563	0.107	-0.1306	-0.0523	0.1088	0.2077	-0.0502	0.0798
0.04785	-0.02845	-0.02045	-0.0937	-0.00065	-0.0252	0.07795	-0.07865	0.036	0.045	0.0789	0.0669	-0.06055	-0.0986	-0.00245	-0.13085	-0.04785	0.0148	0.0791	-0.08475	-0.094	0.0723	0.0278	-0.0121	-0.04925	0.02825	0.0956	0.0972	-0.00935	0.16075	-0.0185	-0.05345	-0.0032	-0.03805	0.09585	0.0073	0.0244	0.04155	-0.0528	-0.0871	0.0953	-0.03755	0.02245	-0.0987	-0.10415	-0.059	-0.02575	0.10455	-0.02025	-0.0932	-0.05275	0.04055	-0.40405	-0.03565	-0.04975	-0.041	0.04725	-0.0728	-0.02235	0.028	-0.0271	0.0112	-0.03165	-0.05925	-0.0865	-0.13055	0.03545	0.02645	0.06515	-0.02375	-0.04245	0.02715	0.0247	0.084	-0.04755	-0.06805	0.027	-0.01675	-0.00805	0.0783	0.01725	0.04735	-0.08285	-0.11	0.0183	0.081	-0.0049	0.05825	-0.08545	-0.02595	-0.0508	0.05065	-0.08765	-0.0996	-0.0252	0.02415	0.02845	-0.0122	0.07545	-0.101	-0.0381	0.08065	0.02165	-0.0158	-0.1641	0.0392	0.06505	-0.0074	0.006	-0.07155	-0.05465	0.10185	-0.0244	-0.0398	-0.06605	0.02175	-0.0404	0.0731	-0.0107	-0.1158	0.0451	0.05095	-0.06335	0.0085	0.06955	0.0648	0.02495	0.06545	-0.0086	-0.0568	0.0456	-0.0458	-0.02515	-0.0047	-0.07675	0.02965	0.02915	0.1182	-0.02375	0.05465	-0.0319	-0.0541	0.03615	0.08715	-0.0137	0.04825	-0.00955	-0.0921	-0.004	0.02905	0.0009	-0.01125	0.0223	-0.00685	0.01405	0.0911	-0.01865	0.0506	-0.06605	-0.0213	0.00225	-0.10295	0.0736	-0.0627	0.1419	0.00755	0.0425	-0.06535	-0.0057	-0.11645	0.1125	-0.03695	0.0016	0.02155	0.0482	0.06405	0.1258	-0.06905	-0.0053	-0.0429	0.0562	0.1413	0.06245	-0.0983	-0.1319	0.1425	-0.0514	-0.0988	0.1001	-0.0974	-0.08825	-0.0289	-0.03895	-0.02255	-0.1037	0.0967	0.06505	0.02955	0.08635	-0.0293	-0.04575	0.0839	0.02715	-0.0383	0.00725	-0.06215	0.0152	0.04945	-0.15115	0.13765	-0.0058	0.041	-0.048	0.0688	-0.069	0.0199	-0.0294	0.07445	-0.0519	-0.0246	-0.0176	-0.0246	-0.0062	-0.0437	0.05955	-0.09125	0.03295	0.07315	0.01265	0.0494	-0.07845	-0.10805	0.11625	-0.0157	-0.10775	-0.0077	-0.00265	-0.10085	-0.09375	-0.22585	0.02815	0.0967	-0.0515	-0.00095	-0.10345	0.0097	0.02005	0.02055	0.00735	0.16075	0.0951	0.0126	0.0315	-0.0127	0.03265	0.1142	0.05365	-0.065	0.0179	-0.09685	-0.12025	0.0727	-0.051	0.0766	0.00935	-0.01135	0.1026	-0.0984	-0.05375	0.0916	0.0412	-0.0161	-0.0393	-0.02555	0.02025	0.0874	0.09455	-0.09545	-0.0346	-0.01445	-0.03745	0.04975	0.01305	-0.05665	-0.0165	0.0472	0.10395	-0.04455	-0.02645	0.1312	-0.0511	0.07365	0.0994	0.03625	-0.01805	-0.04135	-0.11015	0.089	-0.0085	-0.0746
0.1528	-0.0716	0.1975	-0.1316	-0.009	-0.0521	-0.0781	0.074	-0.2382	-0.1742	0.0581	0.1686	-0.2046	-0.1875	-0.0816	0.0725	-0.0078	-0.036	-0.1124	-0.0497	-0.1364	0.1814	0.1626	0.2486	-0.0057	-0.035	0.0201	0.0894	0.0331	0.0919	-0.0775	-0.0625	-0.006	0.1444	0.1918	0.0216	0.0493	0.2428	-0.1655	-0.0735	-0.1811	-0.0523	-0.0388	-0.1051	0.26	0.0065	0.1326	-0.1279	0.3502	0.0302	-0.0836	0.2289	-0.9686	-0.2908	0.0693	-0.0426	-0.0907	-0.0518	-0.1373	0.1747	0.1121	0.3304	-0.1685	-0.0716	-0.2217	0.1016	-0.0239	-0.0323	0.176	-0.1356	-0.0634	-0.0325	0.0592	0.0305	-0.1363	-0.0802	0.2568	-0.0625	-0.0238	0.0488	0.0027	-0.009	0.235	-0.0986	0.0906	-0.2439	0.0465	-0.0623	-0.0118	-0.1056	-0.0011	-0.0092	-0.0725	-0.2217	-0.0189	-0.0419	0.2581	0.1069	0.0937	-0.0915	-0.0339	-0.004	0.0401	0.0585	-0.2353	-0.1934	0.4764	0.2773	-0.1501	0.0787	0.2217	-0.1221	-0.2303	0.0098	0.2346	0.1283	0.1679	0.1124	0.0102	-0.0211	-0.1034	-0.0211	-0.1781	0.0511	-0.3301	0.0645	0.0227	-0.1254	-0.1697	0.13	-0.1021	-0.1551	0.0422	-0.1282	0.0176	-0.1187	-0.0726	0.0354	-0.015	-0.0546	0.0713	0.1693	-0.0168	0.0213	0.0123	0.1277	0.034	0.1441	-0.1135	0.1259	-0.1267	-0.3394	0.0391	0.1286	0.1192	0.0172	-0.1467	-0.1041	-0.0703	0.0066	-0.0087	-0.0879	0.0265	0.156	0.1892	-0.0757	0.1739	0.1888	0.0229	-0.143	0.1237	0.2564	-0.1334	0.1138	-0.0599	-0.2584	0.1929	-0.127	-0.1598	0.1856	0.0551	-0.023	0.0528	0.2397	0.0586	0.122	0.0078	0.206	0.073	0.1801	0.0049	0.1195	-0.0343	0.1224	-0.1638	-0.0233	0.3903	-0.1098	0.0879	0.1369	-0.0272	0.1289	-0.0662	-0.2374	-0.218	0.1225	-0.2627	-0.565	-0.1369	-0.118	0.0907	-0.0175	-0.017	-0.0384	0.0737	0.1082	-0.0211	0.1649	-0.3343	0.2313	0.1682	0.255	-0.06	0.1536	0.101	-0.0826	-0.1702	0.0521	-0.1087	0.0583	0.027	-0.2203	0.0822	0.0907	-0.1285	-0.0679	0.0282	-0.2678	-0.0448	0.2414	-0.2123	0.0886	0.2072	0.1479	-0.0619	-0.0183	0.0024	-0.2544	0.0709	0.2782	0.0129	-0.1435	0.021	0.0314	0.0029	0.1386	0.1598	0.292	0.099	0.0891	-0.0656	0.0072	-0.0365	-0.2007	-0.1308	-0.0341	0.0828	0.0505	-0.3019	-0.0242	-0.0732	-0.0327	0.0486	-0.2528	-0.0093	0.0154	0.0759	-0.0494	-0.1643	-0.0129	-0.0107	-0.3492	0.1241	0.0341	-0.0322	0.1122	0.0047	0.1899	-0.2672	0.1271	-0.0048	0.0389	-0.2149	-0.0424	-0.0625	0.037	-0.0692	0.0472	-0.0936	0.1655
-0.004116666666666667	0.006733333333333333	-0.025616666666666666	0.002683333333333333	0.005066666666666666	-0.006633333333333334	-0.019683333333333334	-0.014983333333333333	0.02791666666666667	0.0078000000000000005	0.006350000000000001	-0.019366666666666667	0.0075	0.0072833333333333335	0.006716666666666667	0.011516666666666666	-0.006966666666666666	-0.0008833333333333333	-0.011133333333333334	0.01655	-0.024166666666666666	-0.037616666666666666	0.015216666666666668	0.015283333333333335	-0.015683333333333334	-0.0059	-0.003483333333333333	0.012866666666666667	0.0027833333333333334	-0.0146	0.012533333333333334	0.004416666666666667	0.0004333333333333333	0.00975	-0.0006	0.00865	0.006416666666666667	-0.007033333333333333	0.030350000000000002	0.018533333333333332	-0.00205	0.00345	-9.999999999999999e-05	0.022466666666666666	-0.0023166666666666665	-0.013516666666666668	-3.3333333333333335e-05	0.0038833333333333337	0.014133333333333333	-0.0007333333333333333	-0.012133333333333335	-0.014333333333333332	-0.1419	-0.014616666666666667	-0.010783333333333332	0.008700000000000001	0.0023333333333333335	-0.00895	0.005083333333333333	0.005666666666666667	0.008883333333333333	-0.011983333333333334	-0.007383333333333333	0.02345	-0.006566666666666666	-0.013466666666666667	-0.010916666666666667	-0.003416666666666667	-0.0035166666666666666	-0.010866666666666665	0.01205	-0.008016666666666667	0.009116666666666667	0.031599999999999996	0.009333333333333334	-0.003316666666666667	-0.009166666666666667	-0.0078000000000000005	0.0022333333333333333	-0.024466666666666668	0.0013499999999999999	0.0022	-0.01485	0.0024333333333333334	-0.01925	0.01095	-0.00815	0.0027166666666666663	0.013666666666666667	0.0020666666666666667	0.009683333333333334	0.004966666666666667	0.01495	-0.0126	-0.005733333333333333	-0.0031	4.9999999999999996e-05	-0.0066166666666666665	-0.0138	-0.007899999999999999	0.014466666666666668	-0.0094	-0.020050000000000002	0.018566666666666665	-0.005583333333333333	-0.0021666666666666666	-0.005933333333333333	-0.020783333333333334	0.0030833333333333333	0.008483333333333334	-0.030466666666666666	-0.009416666666666667	0.030666666666666665	-0.009416666666666667	-0.0024833333333333335	0.0062	-0.008499999999999999	-0.004516666666666666	-0.004566666666666667	0.013416666666666667	-0.0011166666666666666	-0.00225	-0.003183333333333333	-0.0109	0.01495	0.0064333333333333334	-0.007216666666666666	0.0030666666666666668	-0.004566666666666667	0.008333333333333333	-0.00046666666666666666	-0.0138	0.005333333333333333	-0.0041	0.0104	-0.0105	-0.0009000000000000001	-0.004483333333333333	0.0117	0.003416666666666667	0.018316666666666665	0.01495	-0.0021833333333333336	-0.011749999999999998	0.0046166666666666665	-0.015583333333333333	0.015633333333333332	-0.0019	-0.004266666666666667	0.0002666666666666667	0.008933333333333333	0.0018166666666666667	-0.005333333333333333	-0.010983333333333333	0.015566666666666666	0.019433333333333334	-0.00595	0.00905	-0.0014833333333333332	-0.004916666666666666	-0.012116666666666666	0.012633333333333335	0.0055000000000000005	0.02145	0.0099	-0.0016500000000000002	0.027983333333333332	-0.0076166666666666666	-0.0074	0.0045	1.6666666666666667e-05	0.0012	-0.0009000000000000001	-0.02266666666666667	0.005750000000000001	-0.003116666666666667	-0.0026999999999999997	0.014916666666666667	-0.020566666666666667	-0.0056	-0.010533333333333334	-0.0159	0.008533333333333334	0.004483333333333333	-0.011166666666666667	-0.018283333333333335	0.017816666666666665	0.005633333333333333	0.0226	0.0038833333333333337	0.0353	0.0035666666666666663	-0.014366666666666666	0.0009000000000000001	0.008833333333333334	-0.003316666666666667	-0.0123	-0.0063166666666666675	-0.0141	-0.0022	-0.006633333333333334	0.0033833333333333332	-0.009583333333333334	0.0034000000000000002	-0.017633333333333334	0.0023833333333333332	0.024300000000000002	-0.012466666666666668	0.010166666666666666	0.00565	-0.02248333333333333	-0.01891666666666667	-0.0053	0.0074	0.01965	0.011066666666666667	0.0238	-0.005416666666666667	-0.0182	0.010716666666666666	-0.005066666666666666	-0.0013333333333333333	0.0056166666666666665	-0.022216666666666666	-0.019283333333333333	-0.0067666666666666665	-0.019633333333333332	0.0012833333333333334	0.030366666666666667	0.006683333333333333	0.009466666666666667	-0.0082	0.005066666666666666	-0.00735	-0.021466666666666665	0.017316666666666668	-0.012516666666666667	-0.0228	0.0035666666666666663	-0.016983333333333333	-0.0007666666666666667	0.0056	0.018316666666666665	-0.019366666666666667	-0.00315	0.009716666666666667	-0.006600000000000001	-0.00105	-0.0007499999999999999	-0.015116666666666667	0.008666666666666666	-0.0302	0.03163333333333333	-0.0015166666666666668	0.003533333333333333	0.006233333333333334	0.0141	-0.005383333333333334	-0.014633333333333333	-0.006933333333333333	-6.666666666666667e-05	-0.008516666666666667	-0.03283333333333333	0.0016666666666666668	-0.038733333333333335	0.0016500000000000002	0.015183333333333333	0.002	-0.013583333333333334	-0.013699999999999999	-0.017016666666666666	0.010266666666666667	-0.00016666666666666666	0.01435	0.008266666666666667	0.0112	-0.0039000000000000003	-0.006916666666666667	0.0006	-0.0038666666666666663	0.0014333333333333333	-0.011466666666666667	-0.023566666666666666	-0.005483333333333333	-0.008066666666666666	-0.0214	0.008583333333333333	-0.0023666666666666667	-0.0029333333333333334	-0.005166666666666667	-0.015733333333333332	0.014533333333333334	0.00345	0.007566666666666667	-0.006233333333333334	0.0032666666666666664	0.005833333333333334	0.007333333333333333	-0.0012	0.008700000000000001
0.0487	0.0557	-0.06785	0.11345	0.003	-0.0768	0.05975	-0.01715	0.0341	0.08485	0.03165	-0.0599	-0.03515	-0.04295	-0.06575	-0.0458	0.0483	-0.08685	0.11525	-0.0522	-0.0709	0.0043	0.09885	-0.0725	0.0128	-0.0013	-0.07455	-0.054	0.01565	-0.15345	0.0378	0.01035	0.04365	-0.0247	0.0359	-0.00015	0.02095	-0.1284	-0.05975	0.02015	-0.04265	-0.04795	-0.00755	-0.0935	0.0321	0.06245	-0.035	0.0171	-0.0427	0.11815	0.03755	-0.1807	-0.40465	0.05475	0.0575	0.01675	-0.08415	-0.10315	0.09945	0.06935	-0.0089	0.09085	0.0445	-0.03165	0.0624	0.1166	0.0547	-0.07535	0.0004	0.03645	-0.03915	-0.01915	-0.058	-0.01765	-0.00935	-0.035	0.09075	-0.0955	-0.05725	0.1288	0.1134	-0.0926	0.0168	-0.1455	-0.03535	0.06925	0.02395	-0.0531	0.02	0.02215	-0.02495	0.0367	-0.0189	0.01295	-0.0081	-0.0013	0.01475	-0.01545	-0.0631	0.02405	-0.00645	0.0099	-0.04845	0.077	-0.05445	-0.0374	-0.0669	0.1148	0.08025	0.1024	-0.0547	-0.014	-0.0923	0.01015	0.07635	0.0519	0.0833	-0.0275	0.11055	-0.1925	-0.04845	0.02205	-0.0353	-0.02015	-0.16895	0.07155	0.0621	-0.0038	-0.0278	0.0516	-0.0457	-0.03075	0.01435	0.01725	0.04485	0.0829	-0.04325	-0.04315	0.0463	0.0075	-0.019	0.0559	0.0346	0.12995	0.0699	0.0931	0.0955	-0.0604	-0.04465	0.0295	0.11015	-0.04685	0.0252	-0.13165	0.10565	-0.02205	-0.12145	0.0371	-0.01795	-0.06455	0.041	0.05825	-0.0225	-0.0256	0.05365	0.0542	0.05915	-0.04235	-0.07965	0.0072	0.0581	-0.06775	-0.01165	0.01	0.0374	-0.0033	0.11	0.0108	-0.09825	0.017	-0.0044	-0.02015	-0.0892	-0.05685	-0.0838	-0.00185	0.01265	-0.0519	-0.04695	0.05915	0.01555	-0.1022	-0.02285	0.0305	0.0293	0.05995	0.03595	0.0171	0.0697	-0.0431	-0.0134	0.10445	-0.04635	-0.07285	0.0039	-0.02625	0.038	-0.12105	0.0018	-0.09125	0.0601	-0.0738	-0.12215	-0.032	-0.06235	0.01045	0.05585	-0.0129	-0.0884	-0.0815	0.0921	-0.07375	-0.02655	-0.00875	-0.00675	0.16485	-0.04375	0.0603	0.09595	-0.25535	-0.0869	-0.13755	0.12465	-0.05895	-0.0053	0.05365	-0.04805	-0.2078	-0.0879	-0.0106	-0.0205	0.01675	-0.03415	0.02095	0.0427	-0.07375	-0.10485	0.05035	-0.0547	0.0866	0.03265	-0.02335	-0.0579	-0.03405	-0.16985	0.06265	0.00955	-0.0306	0.0221	-0.00635	0.12385	0.0724	0.06585	0.10575	-0.18775	-0.0178	0.1514	-0.0102	-0.05555	0.0746	-0.12245	0.0478	0.04525	-0.02955	-0.03745	0.1006	0.0612	-0.0636	0.03435	0.00115	0.04275	-0.07805	-0.0136	-0.00335	0.01515	0.0435	0.0398	-0.0141	-0.0378	-0.05435	0.0277	0.00835	0.008	0.0047	-0.0737	0.00945	0.0198	0.12035	-0.0507	0.05835
0.07469999999999999	0.0943	-0.10529999999999999	-0.038	0.1904	-0.1874	-0.1999	-0.030700000000000005	0.2829	0.23009999999999997	-0.1736	0.014300000000000002	0.148	-0.034499999999999996	-0.01630000000000001	0.006999999999999999	-0.2923	-0.2424	0.0086	-0.10170000000000001	-0.6013	-0.4115	0.12050000000000002	0.2073	-0.19790000000000002	-0.1583	-0.08929999999999999	0.1568	-0.2014	0.014600000000000002	0.35550000000000004	0.2814	-0.06480000000000002	-0.251	0.09179999999999999	0.1238	-0.03900000000000001	0.1726	0.1104	0.05190000000000001	0.0772	0.1794	-0.1765	0.2747	0.0783	0.028799999999999992	0.024900000000000002	-0.0223	0.1492	0.0524	0.2173	-0.1404	-1.6436000000000002	-0.15760000000000002	-0.1225	0.1565	-0.0075	0.0252	0.33140000000000003	0.1264	0.3267	-0.1397	-0.1	-0.038599999999999995	-0.1801	-0.11960000000000001	-0.035	-0.17099999999999999	-0.13920000000000002	-0.06559999999999999	-0.08149999999999999	0.17279999999999998	0.2444	0.2722	0.261	0.0077	0.009600000000000001	-0.3141	-0.122	-0.2757	0.0541	0.2514	0.21989999999999998	-0.41300000000000003	-0.0678	0.09769999999999998	0.0276	-0.1049	0.2972	-0.058499999999999996	0.0988	0.133	0.3508	-0.1171	0.11309999999999998	-0.16499999999999998	-0.2695	0.0007999999999999952	-0.030399999999999983	0.1614	-0.0542	0.0605	-0.041600000000000005	0.1075	0.1641	-0.4044	-0.1478	-0.025400000000000002	0.1878	-0.0342	-0.1676	-0.044700000000000004	0.05939999999999998	-0.1362	-0.005299999999999999	0.2973	-0.1388	-0.1197	-0.2441	-0.40769999999999995	0.0565	0.18930000000000002	0.016499999999999994	-0.06489999999999999	0.1181	0.2479	0.011400000000000004	-0.1281	0.18550000000000003	0.2657	-0.018000000000000002	0.1274	0.059699999999999996	0.267	0.07300000000000001	0.1293	0.0154	-0.1381	-0.122	0.2885	-0.020799999999999992	0.0611	-0.1214	0.1125	0.1081	-0.2362	0.29169999999999996	0.0281	0.06570000000000001	0.05539999999999999	-0.3235	0.2518	0.2876	0.1816	0.1408	0.12990000000000002	0.1061	0.3094	0.0401	0.0267	-0.09419999999999999	-0.1206	-0.10439999999999999	0.307	0.2584	-0.03489999999999999	0.2294	0.11780000000000002	0.028100000000000003	-0.09319999999999999	0.0329	-0.0414	0.051300000000000005	-0.011699999999999999	0.1598	-0.0888	0.3391	0.007600000000000003	-0.1349	0.09570000000000001	-0.045700000000000005	0.104	-0.1409	-0.1546	-0.2572	0.0698	-0.0195	0.05169999999999997	-0.4886	0.2788	0.2789	0.055	-0.0288	0.067	-0.1361	-0.0812	0.11599999999999999	-0.0807	-0.14150000000000001	-0.026300000000000004	0.2155	0.10039999999999999	-0.2911	0.188	0.1839	0.19640000000000002	-0.246	-0.447	0.12089999999999998	0.5838	-0.17659999999999998	-0.1273	-0.29650000000000004	0.1266	0.18409999999999999	-0.030200000000000005	0.010600000000000002	0.0359	-0.263	0.024800000000000003	-0.17049999999999998	-0.31789999999999996	-0.091	-0.1301	-0.0564	-0.24109999999999998	0.0602	0.2288	0.4447	-0.007599999999999999	0.0531	-0.192	0.2542	-0.081	-0.2656	-0.3235	0.1105	-0.31479999999999997	-0.184	0.0403	0.0133	-0.08700000000000001	-0.0373	-0.0813	0.01469999999999999	0.1799	-0.0895	-0.014100000000000001	-0.322	0.4034	0.2574	-0.04470000000000002	0.2021	-0.08180000000000001	0.01730000000000001	-0.008099999999999996	0.20729999999999998	-0.4184	-0.1248	-0.18259999999999998	0.3221	-0.07700000000000001	-0.075	0.15719999999999998	-0.9875	0.3811	-0.0383	0.056900000000000006	-0.3849	-0.18209999999999998	0.1619	-0.10379999999999999	0.3894	0.2324	0.040999999999999995	0.13	-0.0867	-0.1101	0.0733	0.1891	-0.0834	-0.1263	-0.11080000000000001	0.0978	0.2538	-0.32570000000000005	-0.1091	-0.030399999999999983	-0.3367	-0.0536	0.1385	0.0339	0.15239999999999998	0.4354	-0.1137	-0.2188	0.1359	0.133	-0.0223	-0.034999999999999996
-0.005116666666666667	-0.014016666666666665	-0.019633333333333332	-0.016733333333333333	-0.019266666666666665	0.03213333333333333	-0.0048	0.0016833333333333333	-0.019966666666666667	-0.03155	-0.0247	-0.030666666666666665	-0.007233333333333334	-0.02285	0.038149999999999996	-0.031216666666666667	-0.007833333333333333	0.0018000000000000002	-0.0255	0.017033333333333334	-0.03448333333333333	0.01576666666666667	0.020583333333333332	-0.025650000000000003	-0.027899999999999998	-0.021883333333333334	0.00225	-0.0287	-0.02896666666666667	-6.666666666666667e-05	-0.0031	0.012266666666666667	-0.02588333333333333	0.004633333333333333	0.026150000000000003	0.007416666666666666	-0.0062499999999999995	-0.05073333333333333	-0.005683333333333333	-0.02298333333333333	-0.014233333333333334	0.018016666666666667	0.017116666666666665	-0.020133333333333333	-0.027083333333333334	0.017266666666666666	0.008	0.018516666666666667	-0.02691666666666667	0.020583333333333332	-0.013516666666666668	-0.028833333333333332	-0.15021666666666667	-0.0352	-0.043866666666666665	-0.040683333333333335	-0.023316666666666666	-0.020966666666666665	-0.02211666666666667	-0.0024833333333333335	-0.004516666666666666	-0.027366666666666668	-0.003916666666666666	-0.03265	-0.002683333333333333	-0.017166666666666667	-0.032716666666666665	0.006116666666666667	0.014566666666666667	0.0032166666666666667	0.0354	-0.0016666666666666668	-0.0016500000000000002	-0.04106666666666667	0.011466666666666667	0.008	0.005083333333333333	0.0052	-0.062233333333333335	0.034383333333333335	-0.020916666666666667	0.060316666666666664	0.0014	-0.03571666666666667	0.0017833333333333332	-0.005883333333333333	0.004	-0.0159	0.00046666666666666666	-0.031683333333333334	0.0054333333333333326	0.02223333333333333	-0.0026999999999999997	-0.03485	-0.0094	0.0021666666666666666	0.049999999999999996	-0.0021833333333333336	-0.021816666666666665	0.0025499999999999997	-0.024333333333333332	0.010033333333333333	-0.0043	-0.009916666666666666	-0.084	0.014516666666666666	-0.014083333333333335	0.004866666666666667	-0.023116666666666664	-0.017333333333333333	-0.028983333333333333	0.008033333333333333	-0.01965	-0.005633333333333333	0.006066666666666667	-0.01675	-0.021083333333333332	0.01235	-0.02723333333333333	-0.0064333333333333334	-0.010933333333333335	0.025533333333333335	0.007133333333333333	0.03836666666666667	-0.02488333333333333	0.024733333333333333	-0.014150000000000001	-0.04393333333333333	-0.012150000000000001	0.019533333333333333	0.002916666666666667	0.013566666666666666	-0.026099999999999998	-0.013283333333333333	-0.01945	-0.01965	-0.016	-0.0026333333333333334	-0.010866666666666665	0.010683333333333335	-0.027283333333333337	0.044583333333333336	-0.028866666666666665	0.019466666666666667	0.013583333333333334	-0.0291	0.030733333333333335	-0.0131	0.0009166666666666666	-0.004350000000000001	0.04033333333333333	-0.019333333333333334	-0.0011833333333333333	0.01915	-0.01435	0.052050000000000006	0.005316666666666667	0.04	0.0061	-0.03278333333333334	0.0101	-0.0146	0.028050000000000002	-0.01855	0.021150000000000002	-0.0081	0.006533333333333333	-0.01565	0.0134	-0.009516666666666666	0.025283333333333335	-0.006866666666666667	-0.006816666666666666	-0.0011666666666666668	0.004916666666666666	-0.01455	0.02476666666666667	-0.01455	-0.029083333333333333	-0.0067666666666666665	-0.03303333333333333	0.0336	-0.016533333333333334	-0.0016166666666666666	0.0006333333333333333	0.02211666666666667	-0.020566666666666667	-0.01545	0.06033333333333333	-0.004066666666666667	-0.019483333333333335	-0.0016833333333333333	-0.01615	-0.04635	-0.0038833333333333337	0.010966666666666666	0.0043	-0.033999999999999996	0.037	0.010016666666666667	-0.00045000000000000004	-0.02426666666666667	0.037566666666666665	0.03331666666666667	-0.02545	-0.0024833333333333335	0.028616666666666665	0.0035	-0.006816666666666666	0.013316666666666666	0.010566666666666667	0.00016666666666666666	-0.00023333333333333333	0.014666666666666666	0.0026999999999999997	0.01775	0.0022666666666666664	0.0028333333333333335	0.015149999999999999	-0.01545	0.02845	0.02323333333333333	-0.01405	-0.029116666666666666	-0.01985	-0.010733333333333333	0.0017166666666666667	0.00365	-0.019566666666666666	0.048466666666666665	-0.0104	0.006116666666666667	-0.00013333333333333334	0.015016666666666666	0.007933333333333334	0.0009833333333333332	0.006233333333333334	-0.027266666666666665	-0.017133333333333334	0.05368333333333333	-0.024233333333333332	-0.014833333333333332	-0.02981666666666667	-0.017666666666666667	0.00315	0.0207	-0.007416666666666666	0.02885	-0.0182	0.06611666666666667	-0.02145	0.0313	0.0029	-0.012566666666666665	0.0037833333333333334	-0.031483333333333335	-0.0011833333333333333	0.030233333333333334	-0.007333333333333333	0.0022	0.006216666666666666	-0.015833333333333335	0.006333333333333333	-0.023733333333333332	0.011999999999999999	-0.018333333333333333	0.0082	0.0011166666666666666	-0.06311666666666667	0.052616666666666666	0.0047666666666666664	-0.04431666666666667	-0.011683333333333332	-0.008366666666666666	0.03211666666666667	-0.011266666666666666	0.015416666666666667	-0.01565	-0.0091	0.007766666666666667	0.0076166666666666666	-0.00095	0.008333333333333333	-0.049633333333333335	0.0223	-8.333333333333333e-05	0.006833333333333334	-0.006633333333333334	-0.004366666666666667	0.0033666666666666667	-0.0161	0.015366666666666667	-0.01796666666666667	-0.0034333333333333334	-0.00525	0.0036833333333333336	-0.025766666666666663	0.016216666666666667	-0.004066666666666667	-0.0252
-0.10805	-0.10305	0.05325	-0.0484	-0.0859	0.0956	-0.0049	-0.0312	0.03885	-0.0782	-0.0833	0.03475	0.0802	-0.00785	0.0161	-0.13845	0.05675	0.0434	-0.04285	0.00475	-0.149	-0.0359	-0.0343	-0.10005	-0.01275	-0.00665	0.0656	-0.03445	-0.0864	0.0618	0.06605	0.103	-0.1304	0.0799	0.03335	-0.06015	0.1201	-0.078	-0.1371	0.0071	-0.00695	0.0819	0.0096	0.04685	0.03875	0.00305	-0.03535	0.0512	0.061	-0.0254	-0.07575	-0.0138	-0.44615	-0.01935	0.0249	-0.0328	-0.00865	0.0378	0.14275	0.0236	-0.00415	0.0428	0.0353	-0.0841	-0.08335	-0.0701	-0.04125	-0.0749	0.03355	0.04945	0.0251	0.1572	0.0636	-0.0695	-0.00545	-0.05275	0.06985	-0.0494	-0.014	0.1153	-0.02265	-0.0329	0.00335	-0.13435	0.02275	-0.06835	0.0472	-0.0482	0.12685	-0.05025	0.04565	0.0364	-0.0741	-0.03605	-0.03305	0.0332	0.0258	-0.0746	0.0598	-0.0784	-0.0631	-0.1518	-0.0123	0.06905	0.06575	-0.02915	0.117	-0.07905	-0.099	-0.0049	-0.06655	-0.0472	-0.00625	0.01725	0.09845	0.01355	0.0625	0.02065	0.0312	-0.0069	0.08095	-0.0062	-0.0133	0.0568	0.07105	0.06955	0.0128	0.0698	-0.06735	-0.03825	-0.06985	-0.1035	-0.03425	-0.08945	0.0343	-0.10835	0.16345	0.0012	-0.079	0.003	0.0772	-0.13265	0.09175	0.081	0.0003	0.089	-0.01555	0.08775	0.18325	-0.05955	-0.09895	-0.0903	0.06435	0.01105	0.08295	0.0471	0.1188	0.00275	-0.04945	0.0893	0.1358	0.0498	0.0431	0.003	0.0444	-0.0474	0.08965	-0.01925	0.0261	-0.0176	0.0959	0.01205	-0.08775	0.0233	0.0728	0.0209	0.1561	-0.06385	0.1178	-0.099	-0.05815	0.025	0.0257	-0.04005	0.0388	0.08965	-0.00885	0.06385	0.03355	-0.15215	-0.0975	-0.09995	-0.0396	-0.07635	-0.01505	-0.0184	-0.08235	0.03055	0.0269	-0.04695	0.0444	0.14845	0.06545	0.049	-0.0249	0.0774	0.0214	-0.04115	-0.04755	0.10255	-0.00125	0.026	-0.0758	0.10045	-0.10085	0.0011	0.0298	-0.071	-0.0441	0.0158	-0.0741	0.01455	-0.06695	-0.00615	0.001	-0.1131	0.07035	0.05635	0.00105	-0.0101	-0.00325	-0.02915	0.05785	-0.03165	-0.00865	-0.0038	-0.03025	-0.1723	-0.06545	-0.132	0.13475	-0.092	0.03225	-0.05995	-0.0313	0.0573	-0.0103	-0.0189	-0.06085	0.1169	-0.06025	-0.01	-0.02475	0.0556	0.08375	0.04395	0.08785	-0.07075	0.1022	-0.0244	-0.03405	0.0056	-0.0524	-0.05565	-0.03275	-0.08485	-0.04725	0.0217	-0.1219	0.15575	0.0301	0.0096	0.0291	-0.04755	0.03565	0.15855	0.0887	-0.175	-0.07075	0.01005	-0.00155	-0.0121	-0.06875	-0.0445	0.14435	0.1241	-0.03725	-0.12495	-0.0344	0.03035	0.01595	-0.04365	-0.00785	-0.04575	-0.14075	0.14245	-0.10735	0.09275	-0.12715	0.13065
